SRN,name,gender,phone_1,phone_2,DOB,admission_date,email,blood_grp,guardian,mother,PIN,street,city,Aadhar_no,state,photo,UID,password,class_no,section_no
1001,Benny Burge,M,8536760591,8002182756,2002-09-13,2006-02-03,Benny.Burge.4290@school.ac.in,O-,Barry Tanner,Lexi Button,834591,"40,Metro colony",Najibabad,220981000000.0,Uttar Pradesh,,stu1001,52712878,6,1
1002,Ryan Noach,M,9671699674,9304523754,2007-02-21,2010-09-17,Ryan.Noach.5173@school.ac.in,O-,Hailey Cassidy,Hank Mcleod,580817,"29,Laxmi nagar",Varanasi,583178000000.0,Uttar Pradesh,,stu1002,7556622,6,1
1003,Jules Hunter,F,8245977817,7985956980,2011-11-09,2002-11-08,Jules.Hunter.2988@school.ac.in,AB+,Mabel Russel,Bart Fisher,363624,"17,Sadar colony",Sadabad,893288000000.0,Uttar Pradesh,,stu1003,74263163,6,1
1004,Matt Leigh,M,7161861010,8699594592,2004-08-03,2010-07-11,Matt.Leigh.9451@school.ac.in,A+,Aiden Bailey,Hank Cunningham,834591,"41,Lanka",Najibabad,847412000000.0,Uttar Pradesh,,stu1004,85414320,6,1
1005,Francesca Osmond,F,9333070251,8534296689,2008-09-04,2011-09-18,Francesca.Osmond.5789@school.ac.in,O-,Javier Adams,Ellen Terry,409985,"22,Laxmi nagar",Orai,239558000000.0,Uttar Pradesh,,stu1005,76267143,6,1
1006,Noah Brown,M,7851166410,8367547172,2006-01-26,2007-08-06,Noah.Brown.5650@school.ac.in,AB-,Rufus Rothwell,Boris Pearce,159494,"29,Gandhi nagar",Nautanwa,659134000000.0,Uttar Pradesh,,stu1006,20879446,6,1
1007,Andrea Bentley,F,8082274712,8580136897,2012-09-25,2011-12-11,Andrea.Bentley.8947@school.ac.in,O-,Tom Graham,Hayden Slater,518615,"16,shastri nagar",Naraura,115781000000.0,Uttar Pradesh,,stu1007,78266168,6,1
1008,Harry Rogers,M,9540390920,9634328148,2012-07-16,2002-12-28,Harry.Rogers.7838@school.ac.in,O+,Gwen Potts,Anabel Kelly,715128,"20,Bhelupur",Pilkhuwa,282396000000.0,Uttar Pradesh,,stu1008,66347745,6,1
1009,Shannon Buckley,F,9611888318,9605151984,2002-03-22,2011-02-30,Shannon.Buckley.0984@school.ac.in,AB+,Barry Tyler,Kendra Overson,715128,"31,Gandhi nagar",Pilkhuwa,918553000000.0,Uttar Pradesh,,stu1009,21101180,6,1
1010,Jayden Hogg,M,8467372634,9622157758,2012-01-14,2002-10-07,Jayden.Hogg.8285@school.ac.in,O-,Crystal Clifton,Harry Hill,767202,"31,Laxmi nagar",Robertsganj,521563000000.0,Uttar Pradesh,,stu1010,22408085,6,1
1011,Jacob Torres,M,7164116573,7916668366,2003-10-06,2005-01-16,Jacob.Torres.1048@school.ac.in,O-,Catherine Nayler,Javier Saunders,988782,"44,Bhelupur",Shahganj,894338000000.0,Uttar Pradesh,,stu1011,3929685,6,1
1012,Sabina Notman,F,8187943205,7035334806,2009-08-21,2012-03-21,Sabina.Notman.5004@school.ac.in,O+,Skylar Boyle,Celia Pitt,553041,"9,Ram nagar",Safipur,133221000000.0,Uttar Pradesh,,stu1012,85905464,6,1
1013,Faith Seymour,F,7771913911,7958591538,2011-07-21,2005-09-14,Faith.Seymour.5197@school.ac.in,B-,Ethan Dixon,Alexander Carter,767202,"44,Metro colony",Robertsganj,248811000000.0,Uttar Pradesh,,stu1013,32996648,6,1
1014,Miriam Briggs,F,8795299953,7809104265,2002-01-12,2004-03-29,Miriam.Briggs.3303@school.ac.in,AB+,Enoch Fulton,Hank Thompson,363624,"8,Lanka",Sadabad,727593000000.0,Uttar Pradesh,,stu1014,94356594,6,1
1015,Maggie Robertson,F,7059760037,8602214063,2008-07-09,2007-03-20,Maggie.Robertson.1183@school.ac.in,AB-,Ilona Thompson,Matthew Underhill,176318,"4,Shubhash nagar",Sirsi,335933000000.0,Uttar Pradesh,,stu1015,10674217,6,1
1016,Summer Hope,F,8060003873,7161978414,2007-12-10,2006-09-05,Summer.Hope.2747@school.ac.in,A-,Oliver Morrow,Hank Umney,834591,"35,Ram nagar",Najibabad,932106000000.0,Uttar Pradesh,,stu1016,83567806,6,1
1017,Jacob Archer,M,7529047072,8482363983,2012-11-10,2004-11-29,Jacob.Archer.2288@school.ac.in,A+,Tyler Bailey,George Rogers,767202,"5,Ram nagar",Robertsganj,235652000000.0,Uttar Pradesh,,stu1017,17588262,6,1
1018,Denny Townend,M,9980996931,7191929242,2008-09-25,2011-08-06,Denny.Townend.1458@school.ac.in,AB-,Sienna Bowen,Lillian Vaughn,553041,"50,Shubhash nagar",Safipur,394896000000.0,Uttar Pradesh,,stu1018,51290049,6,1
1019,Wade Cobb,M,9539766393,9843471855,2006-04-08,2006-05-17,Wade.Cobb.8146@school.ac.in,A-,Karen Noon,Hank Thompson,988782,"22,shastri nagar",Shahganj,621775000000.0,Uttar Pradesh,,stu1019,61288121,6,1
1020,Angelica Gray,F,7581347036,9262870913,2011-07-02,2007-11-03,Angelica.Gray.5869@school.ac.in,AB+,Willow Foxley,Bob Moore,553041,"31,Sadar colony",Safipur,18889994543.0,Uttar Pradesh,,stu1020,41980247,6,1
1021,Aiden Carson,M,8194124675,8881322564,2010-11-06,2010-10-28,Aiden.Carson.5027@school.ac.in,B+,Carla Sawyer,Rosa Santos,409985,"2,Gandhi nagar",Orai,932441000000.0,Uttar Pradesh,,stu1021,52784050,6,2
1022,Manuel Hunt,M,7560189144,7907843548,2011-02-17,2002-01-15,Manuel.Hunt.5311@school.ac.in,A+,Zoe Parker,Wade Gray,176318,"14,Sigra",Sirsi,810565000000.0,Uttar Pradesh,,stu1022,261980,6,2
1023,Henry Marshall,M,9572915287,7850774014,2007-01-20,2007-02-22,Henry.Marshall.5533@school.ac.in,AB-,Alma Andersson,Adela Saunders,363624,"32,Sadar colony",Sadabad,266727000000.0,Uttar Pradesh,,stu1023,75391248,6,2
1024,Macy John,F,8075947715,8860128099,2008-10-28,2010-04-28,Macy.John.7087@school.ac.in,B-,Kamila Ventura,Kirsten Lowe,176318,"37,Shubhash nagar",Sirsi,7450809032.0,Uttar Pradesh,,stu1024,39475036,6,2
1025,Livia Brooks,F,9527709530,8677857497,2009-01-10,2003-03-09,Livia.Brooks.5199@school.ac.in,O+,Chris Marshall,Owen Rees,409985,"29,Ram nagar",Orai,697804000000.0,Uttar Pradesh,,stu1025,49173299,6,2
1026,Javier Saunders,M,9684077814,9005796095,2010-04-15,2008-12-25,Javier.Saunders.3551@school.ac.in,AB+,Leilani Gordon,Bernadette Franks,767202,"27,Laxmi nagar",Robertsganj,655048000000.0,Uttar Pradesh,,stu1026,13417432,6,2
1027,Maxwell Cox,M,7000670140,8056767714,2003-05-05,2004-06-17,Maxwell.Cox.8816@school.ac.in,AB-,Abdul Taylor,Megan Seymour,553041,"18,Shubhash nagar",Safipur,784733000000.0,Uttar Pradesh,,stu1027,52499507,6,2
1028,Mark Mooney,M,7048943880,9619560357,2003-01-04,2004-08-18,Mark.Mooney.3397@school.ac.in,AB+,Gemma Darcy,Matt Harris,223014,"31,Mohan lal colony",Sandi,952191000000.0,Uttar Pradesh,,stu1028,68490545,6,2
1029,Alexander Carter,M,8820879308,8027587997,2010-12-11,2009-11-23,Alexander.Carter.9964@school.ac.in,A-,Harriet Wilkinson,Deborah Swan,834591,"4,Sigra",Najibabad,819410000000.0,Uttar Pradesh,,stu1029,69834723,6,2
1030,Adeline Spencer,F,8632549318,7421111553,2006-12-25,2003-08-12,Adeline.Spencer.3303@school.ac.in,O+,Ryan Wright,Jane Collins,162998,"1,Ram nagar",Thana Bhawan,815989000000.0,Uttar Pradesh,,stu1030,75271546,6,2
1031,Clint Russel,M,9812296390,9335177143,2009-02-11,2010-05-12,Clint.Russel.9944@school.ac.in,AB+,Sasha Fisher,Joyce Needham,381636,"43,Laxmi nagar",Sandila,526311000000.0,Uttar Pradesh,,stu1031,74537404,6,2
1032,Henry Taylor,M,9924682048,7216233713,2003-01-04,2012-08-07,Henry.Taylor.2358@school.ac.in,O-,Aiden Carson,Henry Verdon,176318,"35,Mohan lal colony",Sirsi,705472000000.0,Uttar Pradesh,,stu1032,45622974,6,2
1033,Ron Wood,M,7992579899,7946816896,2007-03-02,2003-12-23,Ron.Wood.8229@school.ac.in,A+,Mike Dowson,Gloria Thomas,162998,"27,Laxmi nagar",Thana Bhawan,812360000000.0,Uttar Pradesh,,stu1033,86686055,6,2
1034,Rosie Woodcock,F,9206683317,7242236700,2012-08-17,2010-02-24,Rosie.Woodcock.4758@school.ac.in,A-,Iris Moran,Ron Randall,228535,"47,Ram nagar",Reoti,41680289355.0,Uttar Pradesh,,stu1034,45011277,6,2
1035,Jack Fisher,M,7674796461,9546145964,2002-07-18,2012-08-19,Jack.Fisher.5136@school.ac.in,AB-,Manuel Payne,Elise Alexander,580817,"48,Laxmi nagar",Varanasi,174706000000.0,Uttar Pradesh,,stu1035,63038546,6,2
1036,Leroy Warren,M,7717872393,9556755082,2007-04-16,2012-11-18,Leroy.Warren.6952@school.ac.in,AB+,Leslie Cassidy,Harry Rogers,988782,"9,Gandhi nagar",Shahganj,384368000000.0,Uttar Pradesh,,stu1036,70177123,6,2
1037,Ron Mullins,M,8965342865,8005013528,2010-02-23,2004-05-27,Ron.Mullins.0674@school.ac.in,A-,Barry Barclay,Mark Plumb,354265,"49,Shubhash nagar",Azamgarh,859586000000.0,Uttar Pradesh,,stu1037,87517296,6,2
1038,Gabriel Ellis,M,7485817309,7341321200,2010-01-14,2011-07-09,Gabriel.Ellis.5207@school.ac.in,AB-,Gwen Flett,Chris Carson,363624,"17,Metro colony",Sadabad,670190000000.0,Uttar Pradesh,,stu1038,20236010,6,2
1039,Remy Thompson,F,8055823044,7156478407,2010-09-03,2012-12-21,Remy.Thompson.3931@school.ac.in,O-,John Wills,Maria Mcguire,834591,"17,Lanka",Najibabad,589135000000.0,Uttar Pradesh,,stu1039,7925115,6,2
1040,Madelyn Overson,F,7462017794,8644834359,2004-10-20,2011-04-24,Madelyn.Overson.7671@school.ac.in,AB+,Emma Jacobs,Brad Selby,988782,"29,Metro colony",Shahganj,658804000000.0,Uttar Pradesh,,stu1040,57517753,6,2
1041,Carissa Griffiths,F,7102685077,7744013382,2012-05-05,2006-11-24,Carissa.Griffiths.9951@school.ac.in,O+,Martin Emerson,Maxwell Barclay,381636,"3,Bhelupur",Sandila,30012928036.0,Uttar Pradesh,,stu1041,7317021,6,3
1042,Bryce Fenton,F,9645706303,9561925432,2012-09-05,2007-10-01,Bryce.Fenton.4064@school.ac.in,B+,Gil Drew,Maria Jarrett,223014,"25,Sigra",Sandi,82787171509.0,Uttar Pradesh,,stu1042,89676866,6,3
1043,Wendy Hudson,F,9677728507,8795664007,2006-08-26,2003-03-27,Wendy.Hudson.5801@school.ac.in,B-,Kieth Garcia,Mona Roberts,176318,"19,Shubhash nagar",Sirsi,933874000000.0,Uttar Pradesh,,stu1043,37022061,6,3
1044,Michael Gibson,M,9443238110,9187786712,2002-01-18,2010-07-30,Michael.Gibson.3740@school.ac.in,B-,Kendra Cooper,Maxwell Armstrong,162998,"14,Sigra",Thana Bhawan,865578000000.0,Uttar Pradesh,,stu1044,41268262,6,3
1045,Ally Miller,F,8456775317,8043906315,2012-09-04,2002-06-13,Ally.Miller.1938@school.ac.in,O+,Wade Cobb,Danny Wigley,715128,"9,Bhelupur",Pilkhuwa,33618922594.0,Uttar Pradesh,,stu1045,50269421,6,3
1046,Jacob Johnson,M,8313362253,9057305602,2005-12-21,2007-07-22,Jacob.Johnson.7960@school.ac.in,A+,Kurt Tate,Anthony Saunders,354265,"9,Laxmi nagar",Azamgarh,990575000000.0,Uttar Pradesh,,stu1046,93116957,6,3
1047,Sebastian Farrell,M,8029715400,9851583118,2003-12-12,2004-02-07,Sebastian.Farrell.2987@school.ac.in,B+,Deborah Styles,Parker Hale,162998,"38,shastri nagar",Thana Bhawan,342013000000.0,Uttar Pradesh,,stu1047,75742280,6,3
1048,Callie Woodley,F,9047966286,7402241633,2011-01-30,2005-09-15,Callie.Woodley.4162@school.ac.in,AB+,Kieth Ashwell,Cassidy Downing,354265,"24,Sigra",Azamgarh,551328000000.0,Uttar Pradesh,,stu1048,88136734,6,3
1049,Nate Nash,M,8603075853,9904936159,2011-11-07,2009-06-19,Nate.Nash.5096@school.ac.in,O-,Janice Boden,Jolene Ashwell,988782,"25,Sadar colony",Shahganj,943479000000.0,Uttar Pradesh,,stu1049,69098515,6,3
1050,Dasha Hood,F,8245653900,7173239206,2006-11-13,2008-12-20,Dasha.Hood.1980@school.ac.in,A+,Oliver Craig,Julius Harrison,553041,"27,Gandhi nagar",Safipur,63919235914.0,Uttar Pradesh,,stu1050,88559002,6,3
1051,Fred Hepburn,M,7211041307,9458724982,2010-04-04,2007-04-13,Fred.Hepburn.0773@school.ac.in,A+,Adela Dowson,Norah Skinner,988782,"6,Bhelupur",Shahganj,674945000000.0,Uttar Pradesh,,stu1051,31679055,6,3
1052,Martin Thomas,M,7507035892,7658696971,2005-05-22,2002-06-25,Martin.Thomas.4256@school.ac.in,A-,Samantha Fleming,Marla Gosling,162998,"25,Sigra",Thana Bhawan,723052000000.0,Uttar Pradesh,,stu1052,25863204,6,3
1053,Maxwell Barclay,M,9159880194,8676659608,2006-09-11,2012-10-10,Maxwell.Barclay.7442@school.ac.in,B+,Carolyn Whinter,Diane Blackwall,159494,"38,Sadar colony",Nautanwa,724471000000.0,Uttar Pradesh,,stu1053,71665104,6,3
1054,Jamie Groves,F,8413952067,9796231467,2004-07-29,2009-01-01,Jamie.Groves.5514@school.ac.in,AB-,Jacob Todd,Paula Kerr,834591,"16,Bhelupur",Najibabad,538461000000.0,Uttar Pradesh,,stu1054,17211226,6,3
1055,Benny Bailey,M,7001347162,8849847017,2005-05-13,2006-05-06,Benny.Bailey.3412@school.ac.in,A-,Liam Hunter,Nick Upton,409985,"8,Ram nagar",Orai,79082235634.0,Uttar Pradesh,,stu1055,60766619,6,3
1056,Carmella Daniells,F,7052624314,8519816377,2007-01-14,2003-04-05,Carmella.Daniells.5669@school.ac.in,AB-,Kimberly Carter,Javier Clarke,988782,"16,Bhelupur",Shahganj,40136325029.0,Uttar Pradesh,,stu1056,93412780,6,3
1057,Chad Higgs,M,9293798524,9374837309,2005-06-25,2006-08-20,Chad.Higgs.7999@school.ac.in,AB+,Anabel Russel,Catherine Emmott,834591,"37,Laxmi nagar",Najibabad,282642000000.0,Uttar Pradesh,,stu1057,3953275,6,3
1058,Mark Plumb,M,7683497180,7918031023,2007-09-17,2008-12-14,Mark.Plumb.5179@school.ac.in,AB+,Amelia Cavanagh,Anthony Olson,409985,"42,Lanka",Orai,60681116088.0,Uttar Pradesh,,stu1058,84905323,6,3
1059,Dakota Antcliff,F,7304946539,7763878328,2002-11-13,2011-02-30,Dakota.Antcliff.7610@school.ac.in,B-,Tom Martin,Rosemary Skinner,834591,"31,Bhelupur",Najibabad,435404000000.0,Uttar Pradesh,,stu1059,26398268,6,3
1060,Melinda Roman,F,8402819094,8211445999,2010-07-28,2007-11-23,Melinda.Roman.0211@school.ac.in,AB-,Peter Curtis,Barry Cassidy,580817,"20,shastri nagar",Varanasi,197935000000.0,Uttar Pradesh,,stu1060,45056667,6,3
1061,Ron Randall,M,7130765641,8810366629,2008-03-08,2005-01-02,Ron.Randall.6250@school.ac.in,O+,Ciara Alldridge,Boris Pearce,381636,"21,Mohan lal colony",Sandila,737187000000.0,Uttar Pradesh,,stu1061,32455125,7,1
1062,Danny Wigley,M,9121204301,9793350243,2010-05-15,2009-11-23,Danny.Wigley.6132@school.ac.in,A-,Oliver Flett,Aiden Mullins,363624,"17,shastri nagar",Sadabad,487654000000.0,Uttar Pradesh,,stu1062,20423276,7,1
1063,Mason Walker,M,9328618331,8804883479,2003-02-13,2003-12-28,Mason.Walker.9684@school.ac.in,B-,Eduardo Button,Johnny Michael,715128,"31,Sigra",Pilkhuwa,560617000000.0,Uttar Pradesh,,stu1063,50016263,7,1
1064,Josh Becker,M,7369608675,8597285345,2006-12-25,2004-10-02,Josh.Becker.2150@school.ac.in,O+,Barry Tyler,Kurt Long,381636,"42,Shubhash nagar",Sandila,548931000000.0,Uttar Pradesh,,stu1064,15787049,7,1
1065,Ada Callan,F,8492163957,9272258593,2012-10-14,2005-04-04,Ada.Callan.3481@school.ac.in,A-,Alan Blythe,Jacob Johnson,834591,"8,Shubhash nagar",Najibabad,90227707183.0,Uttar Pradesh,,stu1065,43364123,7,1
1066,Bart Dempsey,M,7078105934,9291873588,2012-01-19,2006-09-22,Bart.Dempsey.0183@school.ac.in,A+,Jamie Nelson,Manuel Norman,159494,"28,shastri nagar",Nautanwa,46879409264.0,Uttar Pradesh,,stu1066,49539683,7,1
1067,Logan Nanton,F,7857942199,7590613711,2007-05-23,2008-06-14,Logan.Nanton.3197@school.ac.in,AB+,Rocco Gilmour,Denis Barclay,409985,"19,shastri nagar",Orai,918055000000.0,Uttar Pradesh,,stu1067,1987003,7,1
1068,Jaylene Tutton,F,7548656124,9560981575,2012-12-13,2005-06-07,Jaylene.Tutton.1814@school.ac.in,O+,Marjorie Snow,Destiny Logan,354265,"42,Mohan lal colony",Azamgarh,668518000000.0,Uttar Pradesh,,stu1068,98829028,7,1
1069,Alexander Page ,M,8980436344,8830372451,2005-02-13,2010-01-02,Alexander.Page .5345@school.ac.in,O+,Catherine Emmott,Noemi Roth,580817,"7,Metro colony",Varanasi,629988000000.0,Uttar Pradesh,,stu1069,23799078,7,1
1070,Martin Hopkins,M,7188164050,8224130093,2009-01-26,2007-07-25,Martin.Hopkins.4610@school.ac.in,A-,Melody Bailey,Marilyn Reid,176318,"39,Metro colony",Sirsi,818759000000.0,Uttar Pradesh,,stu1070,35823818,7,1
1071,Maribel Poulton,F,9917979214,8259442461,2002-11-12,2002-05-28,Maribel.Poulton.5564@school.ac.in,O+,Jacob Bayliss,Aiden Bailey,580817,"22,Gandhi nagar",Varanasi,163493000000.0,Uttar Pradesh,,stu1071,58844796,7,1
1072,Wade Slater,M,8113254844,7061107260,2008-08-19,2009-09-05,Wade.Slater.7710@school.ac.in,A+,Britney Daniells,Matt Rixon,553041,"3,Sigra",Safipur,80334366991.0,Uttar Pradesh,,stu1072,18144404,7,1
1073,Harvey Clarkson,M,8810723478,9894553981,2007-11-13,2012-04-10,Harvey.Clarkson.8320@school.ac.in,A-,Britney Wren,Leilani Gordon,767202,"30,Bhelupur",Robertsganj,96267227897.0,Uttar Pradesh,,stu1073,71516731,7,1
1074,Enoch Goodman,M,7250989388,7893625459,2004-10-02,2006-11-23,Enoch.Goodman.2224@school.ac.in,B-,Mona Roberts,Hayden Slater,223014,"2,Gandhi nagar",Sandi,13303647189.0,Uttar Pradesh,,stu1074,627973,7,1
1075,Alan Blythe,M,9680481980,8690972638,2006-08-14,2010-02-28,Alan.Blythe.9155@school.ac.in,O-,Anthony Hancock,Mona Roberts,162998,"36,Sigra",Thana Bhawan,133107000000.0,Uttar Pradesh,,stu1075,20084114,7,1
1076,Luna Pearce,F,9046822846,8556743211,2005-07-21,2007-05-03,Luna.Pearce.8860@school.ac.in,AB+,Brad Graham,Courtney Gibson,409985,"16,Shubhash nagar",Orai,363957000000.0,Uttar Pradesh,,stu1076,48634671,7,1
1077,Penelope Stubbs,F,7610575242,8169772314,2003-01-05,2006-04-10,Penelope.Stubbs.1496@school.ac.in,A-,Alessandra Rowlands,Cedrick Anderson,381636,"18,Mohan lal colony",Sandila,204221000000.0,Uttar Pradesh,,stu1077,48275469,7,1
1078,Clint Franks,M,9048481468,8493265048,2002-11-28,2011-01-29,Clint.Franks.5300@school.ac.in,A-,Dorothy James,Lucy Mccormick,767202,"32,Laxmi nagar",Robertsganj,761970000000.0,Uttar Pradesh,,stu1078,54811648,7,1
1079,Kurt Ranks,M,7765121770,8699082582,2003-02-14,2011-12-29,Kurt.Ranks.3941@school.ac.in,A+,Mandy Heaton,Maria Jarrett,159494,"33,Sigra",Nautanwa,822566000000.0,Uttar Pradesh,,stu1079,66062651,7,1
1080,Denny Farrell,M,7736478387,8117589138,2002-02-26,2002-08-09,Denny.Farrell.1002@school.ac.in,AB+,Noah Bloom,Lillian Vaughn,518615,"37,Gandhi nagar",Naraura,110606000000.0,Uttar Pradesh,,stu1080,94431669,7,1
1081,Celina Flett,F,8352808773,8682764325,2004-03-04,2012-12-29,Celina.Flett.2020@school.ac.in,O-,Ally Miller,Domenic Ingham,176318,"19,Lanka",Sirsi,130943000000.0,Uttar Pradesh,,stu1081,42799754,7,2
1082,Emely Quinton,F,8513648992,7872960249,2004-01-02,2006-08-14,Emely.Quinton.7728@school.ac.in,AB-,Chester Giles,Noah Owens,162998,"16,shastri nagar",Thana Bhawan,101367000000.0,Uttar Pradesh,,stu1082,92384995,7,2
1083,Anthony Hancock,M,8813683119,7303302743,2005-11-05,2003-06-17,Anthony.Hancock.1977@school.ac.in,AB-,Johnathan Tindall,Joseph Thomas,553041,"21,Sadar colony",Safipur,65689114060.0,Uttar Pradesh,,stu1083,65713179,7,2
1084,Chad Eagle,M,7413874480,8389847635,2008-02-15,2012-11-20,Chad.Eagle.4435@school.ac.in,AB+,Samantha Kerr,Javier Saunders,381636,"7,Metro colony",Sandila,17708173493.0,Uttar Pradesh,,stu1084,39124356,7,2
1085,Lucas Wigley,M,9737390756,7007488458,2002-06-04,2005-08-26,Lucas.Wigley.6664@school.ac.in,A+,Marvin Farmer,Manuel Norman,363624,"44,Sigra",Sadabad,836189000000.0,Uttar Pradesh,,stu1085,5052414,7,2
1086,Martin Emerson,M,9614260779,8620338082,2008-09-01,2007-07-11,Martin.Emerson.3891@school.ac.in,B-,Gil Tutton,Madelyn Overson,715128,"29,Shubhash nagar",Pilkhuwa,792893000000.0,Uttar Pradesh,,stu1086,13296746,7,2
1087,Penelope Santos,F,8105657547,8507286143,2002-12-15,2006-11-10,Penelope.Santos.3968@school.ac.in,B+,Liam Shaw,Candice Denton,354265,"44,Sigra",Azamgarh,915204000000.0,Uttar Pradesh,,stu1087,96239704,7,2
1088,David Salt,M,9391884177,7900238671,2003-02-10,2007-04-08,David.Salt.9621@school.ac.in,B+,Marjorie Jeffery,Parker Gallacher,223014,"31,Shubhash nagar",Sandi,473640000000.0,Uttar Pradesh,,stu1088,5898351,7,2
1089,Jasmine Matthews,F,8305672664,9220787381,2009-12-25,2004-03-09,Jasmine.Matthews.2236@school.ac.in,AB+,Hazel Ellwood,Victoria Walker,767202,"49,Mohan lal colony",Robertsganj,84741727619.0,Uttar Pradesh,,stu1089,78563147,7,2
1090,Michelle Dobson,F,8064934564,7010126575,2002-02-20,2009-11-09,Michelle.Dobson.7519@school.ac.in,AB-,Summer Lynn,Kurt Robinson,162998,"12,Mohan lal colony",Thana Bhawan,941952000000.0,Uttar Pradesh,,stu1090,87981108,7,2
1091,Angelica Myatt,F,7691124258,7418802034,2007-07-17,2003-09-30,Angelica.Myatt.6985@school.ac.in,A-,Barry Murray,Rae Pearson,354265,"14,Shubhash nagar",Azamgarh,133863000000.0,Uttar Pradesh,,stu1091,54317035,7,2
1092,Stella Rosenbloom,F,8094788558,9648983518,2006-12-20,2005-02-13,Stella.Rosenbloom.2615@school.ac.in,A-,Leroy Weldon,Rocco Rivers,223014,"44,shastri nagar",Sandi,786128000000.0,Uttar Pradesh,,stu1092,21277387,7,2
1093,Melinda Eddison,F,9584784719,8789340937,2002-02-28,2004-09-22,Melinda.Eddison.8319@school.ac.in,O-,Lindsay Varley,Melania Simmons,409985,"49,Shubhash nagar",Orai,907983000000.0,Uttar Pradesh,,stu1093,37252283,7,2
1094,Sabina Mitchell,F,7448938407,7295232592,2003-07-29,2004-06-20,Sabina.Mitchell.2131@school.ac.in,A-,Kurt Robinson,Rosa Santos,223014,"25,Bhelupur",Sandi,305857000000.0,Uttar Pradesh,,stu1094,3706091,7,2
1095,Bernadette Franks,F,7293650858,7760002981,2004-10-30,2002-11-22,Bernadette.Franks.9366@school.ac.in,A+,Cassidy Downing,Irene Wright,553041,"14,Lanka",Safipur,791656000000.0,Uttar Pradesh,,stu1095,79693465,7,2
1096,Chester Osmond,M,7257699356,7019142539,2003-10-02,2005-06-20,Chester.Osmond.5368@school.ac.in,AB+,Hailey Cassidy,Jacqueline Plant,354265,"24,Metro colony",Azamgarh,3551403423.0,Uttar Pradesh,,stu1096,71138695,7,2
1097,Shannon Denton,F,8981728905,8309805096,2007-03-03,2009-05-23,Shannon.Denton.5806@school.ac.in,O+,Melody Bailey,Lucas Dixon,767202,"39,Shubhash nagar",Robertsganj,467437000000.0,Uttar Pradesh,,stu1097,46724147,7,2
1098,Lauren Drew,F,8145998049,8734823718,2012-09-26,2003-12-12,Lauren.Drew.3364@school.ac.in,B+,Wade Gray,Julian Raven,988782,"15,Mohan lal colony",Shahganj,532909000000.0,Uttar Pradesh,,stu1098,85050408,7,2
1099,Johnathan Cattell,M,8148491388,7779929502,2010-07-23,2006-02-04,Johnathan.Cattell.0124@school.ac.in,B+,Rufus Kennedy,Payton Blythe,988782,"23,Sigra",Shahganj,24914770475.0,Uttar Pradesh,,stu1099,74516535,7,2
1100,Aurelia May,F,9366081063,9691314211,2009-10-23,2012-10-10,Aurelia.May.8843@school.ac.in,A+,Maggie Robertson,Joy Santos,767202,"29,Sadar colony",Robertsganj,636598000000.0,Uttar Pradesh,,stu1100,62041682,7,2
1101,Benjamin London,M,8726485961,8247766747,2003-04-01,2011-03-09,Benjamin.London.7712@school.ac.in,AB-,Candace Veale,Rowan Addley,228535,"34,Lanka",Reoti,926993000000.0,Uttar Pradesh,,stu1101,98222569,7,3
1102,Valentina Wallace,F,7387370932,7767867967,2008-07-01,2012-10-01,Valentina.Wallace.9482@school.ac.in,O+,Marjorie Jeffery,Maxwell Eyres,715128,"36,shastri nagar",Pilkhuwa,878138000000.0,Uttar Pradesh,,stu1102,87586017,7,3
1103,Nicholas Judd,M,7217749198,9743308049,2007-11-05,2009-01-22,Nicholas.Judd.8664@school.ac.in,A+,Ethan Fisher,Catherine Emmott,715128,"5,shastri nagar",Pilkhuwa,400565000000.0,Uttar Pradesh,,stu1103,86897507,7,3
1104,Madelyn Overson,F,9002901679,8476130395,2007-03-19,2003-09-19,Madelyn.Overson.4162@school.ac.in,AB-,Nick Coll,Hope Stevenson,354265,"12,Gandhi nagar",Azamgarh,552382000000.0,Uttar Pradesh,,stu1104,84904557,7,3
1105,George Coll,M,8987987398,8382923019,2002-09-26,2010-11-30,George.Coll.9858@school.ac.in,AB+,Scarlett Stewart,Jaylene Tutton,767202,"29,Bhelupur",Robertsganj,21073570673.0,Uttar Pradesh,,stu1105,7206348,7,3
1106,Carl Graham,M,8949020036,7055250893,2006-01-26,2003-08-20,Carl.Graham.6770@school.ac.in,A+,Adelaide Broomfield,Mabel Russel,518615,"11,Gandhi nagar",Naraura,821092000000.0,Uttar Pradesh,,stu1106,23436696,7,3
1107,Sabina Jarvis,F,9773197850,8502343293,2008-03-23,2009-06-06,Sabina.Jarvis.5049@school.ac.in,O-,Tyler Bailey,Chad Brock,228535,"18,Sadar colony",Reoti,124934000000.0,Uttar Pradesh,,stu1107,15360680,7,3
1108,Bart Saunders,M,7167347440,8770708314,2011-03-13,2012-07-13,Bart.Saunders.0364@school.ac.in,AB+,Alice Speed,Skylar Judd,354265,"18,Sigra",Azamgarh,494865000000.0,Uttar Pradesh,,stu1108,4601380,7,3
1109,Percy Anderson,M,7021099665,8796498414,2004-06-29,2011-11-07,Percy.Anderson.6399@school.ac.in,B-,Isla Fields,William Hunter,381636,"46,Bhelupur",Sandila,646359000000.0,Uttar Pradesh,,stu1109,7962517,7,3
1110,Sasha Antcliff,F,7264456129,9236410594,2010-03-29,2002-01-11,Sasha.Antcliff.7752@school.ac.in,B-,Mason Daniells,Zoe Varndell,715128,"4,Lanka",Pilkhuwa,251527000000.0,Uttar Pradesh,,stu1110,57622177,7,3
1111,Ronald Saunders,M,8338785287,7401185850,2006-07-09,2006-12-17,Ronald.Saunders.0836@school.ac.in,B+,Anthony Samuel,Johnny Michael,228535,"47,Shubhash nagar",Reoti,682018000000.0,Uttar Pradesh,,stu1111,20013028,7,3
1112,Rosalee Janes,F,8728616969,8542733192,2011-10-03,2008-06-23,Rosalee.Janes.6741@school.ac.in,A+,Analise Roman,Cedrick Wilton,767202,"48,Mohan lal colony",Robertsganj,580491000000.0,Uttar Pradesh,,stu1112,6249107,7,3
1113,Ethan Fisher,M,7321325674,7753368042,2004-11-08,2006-02-30,Ethan.Fisher.7528@school.ac.in,AB-,Sebastian James,Angela Little,223014,"1,Gandhi nagar",Sandi,95455111849.0,Uttar Pradesh,,stu1113,57479967,7,3
1114,Johnny Norburn,M,8925881932,8072083341,2006-12-13,2012-01-30,Johnny.Norburn.0573@school.ac.in,AB+,Janelle Stone ,Bernadette Franks,223014,"3,Mohan lal colony",Sandi,917910000000.0,Uttar Pradesh,,stu1114,47144917,7,3
1115,Denny Boden,M,9375433987,7854962634,2011-04-13,2012-12-24,Denny.Boden.4692@school.ac.in,B-,Owen Moore,Janice Crawford,580817,"28,Sigra",Varanasi,899022000000.0,Uttar Pradesh,,stu1115,23042966,7,3
1116,Florence Bloom,F,7424900492,7365812750,2010-11-03,2003-11-20,Florence.Bloom.3104@school.ac.in,B-,Ethan Santos,Anabelle Darcy,363624,"9,Ram nagar",Sadabad,830989000000.0,Uttar Pradesh,,stu1116,10769576,7,3
1117,Alexander Potts,M,7178018093,9602490732,2003-03-28,2007-02-26,Alexander.Potts.8187@school.ac.in,AB+,Rosie Wilson,Angelique Evans,363624,"2,Metro colony",Sadabad,921617000000.0,Uttar Pradesh,,stu1117,41503173,7,3
1118,Amelia Cavanagh,F,9747537282,8383327510,2010-12-29,2008-11-29,Amelia.Cavanagh.5670@school.ac.in,AB+,Tyler Jenkin,Chad Brock,580817,"18,Gandhi nagar",Varanasi,320858000000.0,Uttar Pradesh,,stu1118,60431682,7,3
1119,Lynn Wheeler,F,8026201611,9087166314,2004-06-16,2004-01-27,Lynn.Wheeler.9947@school.ac.in,AB+,Michelle Dobson,Phillip Robinson,162998,"46,Gandhi nagar",Thana Bhawan,604953000000.0,Uttar Pradesh,,stu1119,87744586,7,3
1120,Domenic Boyle,M,8525837177,7229160684,2006-08-29,2004-11-23,Domenic.Boyle.2292@school.ac.in,AB+,Carolyn Stewart,Jennifer Attwood,228535,"39,Lanka",Reoti,555429000000.0,Uttar Pradesh,,stu1120,35172233,7,3
1121,Oliver Flett,M,7442734618,9229865353,2006-11-02,2004-01-11,Oliver.Flett.9294@school.ac.in,O+,Aiden Baker,Benjamin Mitchell,767202,"22,Laxmi nagar",Robertsganj,985486000000.0,Uttar Pradesh,,stu1121,99849675,8,1
1122,Fred Emmett,M,8040146559,7469802381,2011-03-21,2003-04-24,Fred.Emmett.0714@school.ac.in,B-,George Rowe,Bryon Campbell,715128,"21,shastri nagar",Pilkhuwa,288871000000.0,Uttar Pradesh,,stu1122,38977242,8,1
1123,Fred Emmett,M,7584636268,9703955910,2007-01-10,2010-10-02,Fred.Emmett.9004@school.ac.in,AB-,Benjamin London,Ciara Stuart,381636,"29,Sigra",Sandila,528399000000.0,Uttar Pradesh,,stu1123,26064965,8,1
1124,Luna Pearce,F,9156565350,9661137212,2008-10-08,2008-06-01,Luna.Pearce.5874@school.ac.in,B+,Blake Grant,Aurelia May,518615,"1,Bhelupur",Naraura,966178000000.0,Uttar Pradesh,,stu1124,14305183,8,1
1125,Alexander Potts,M,7785268596,9491185431,2009-10-21,2011-10-26,Alexander.Potts.9755@school.ac.in,AB+,Abdul Taylor,Helen Stone ,354265,"17,Metro colony",Azamgarh,817270000000.0,Uttar Pradesh,,stu1125,39766249,8,1
1126,Kurt Robinson,M,7404200241,9583371297,2007-09-25,2005-07-11,Kurt.Robinson.6193@school.ac.in,B+,Diane Foxley,Martin Emerson,409985,"6,Bhelupur",Orai,275738000000.0,Uttar Pradesh,,stu1126,34825816,8,1
1127,Bryon Pratt,M,7626114900,7850740387,2004-11-25,2009-02-02,Bryon.Pratt.9140@school.ac.in,O-,Carmella Daniells,Mark Mooney,363624,"27,Bhelupur",Sadabad,73974336865.0,Uttar Pradesh,,stu1127,10538754,8,1
1128,Ciara Alldridge,F,8632052383,7800590638,2002-12-18,2010-06-05,Ciara.Alldridge.8916@school.ac.in,B-,Rosalee Janes,Erin Darcy,715128,"45,Sadar colony",Pilkhuwa,365794000000.0,Uttar Pradesh,,stu1128,23469879,8,1
1129,Janice Partridge,F,9305948635,9832672089,2007-10-22,2008-04-01,Janice.Partridge.5827@school.ac.in,O+,Nina Walsh,Alice Speed,381636,"50,Shubhash nagar",Sandila,69916184344.0,Uttar Pradesh,,stu1129,69974350,8,1
1130,Denis Simpson,M,9281216433,7558826325,2007-04-16,2002-07-23,Denis.Simpson.4849@school.ac.in,AB+,Gil Drew,Mabel Fox,363624,"29,Sadar colony",Sadabad,519012000000.0,Uttar Pradesh,,stu1130,97620703,8,1
1131,Candice Denton,F,8686499681,7200438698,2007-01-30,2005-07-20,Candice.Denton.4103@school.ac.in,B+,Gwen Flett,Dasha Hood,553041,"15,Mohan lal colony",Safipur,741626000000.0,Uttar Pradesh,,stu1131,35796487,8,1
1132,Kieth Kelly,M,7343681502,9698171582,2003-07-04,2008-01-29,Kieth.Kelly.2863@school.ac.in,AB-,Nick Mitchell,Aileen Steer,162998,"9,Mohan lal colony",Thana Bhawan,66771501491.0,Uttar Pradesh,,stu1132,93949470,8,1
1133,Tyson Cameron,M,7954352721,7085134925,2004-05-10,2006-08-06,Tyson.Cameron.2777@school.ac.in,B-,Caleb Reynolds,Amelia Jones,580817,"1,Sigra",Varanasi,890619000000.0,Uttar Pradesh,,stu1133,99443118,8,1
1134,Ally Miller,F,9823955229,7049360867,2005-03-08,2008-07-11,Ally.Miller.1481@school.ac.in,O-,Nicholas Hunt,Ember Oswald,162998,"17,Lanka",Thana Bhawan,293423000000.0,Uttar Pradesh,,stu1134,27479889,8,1
1135,Barry Tyler,M,7106242295,9047986705,2012-05-25,2008-08-08,Barry.Tyler.0958@school.ac.in,AB+,Chris Marshall,Harvey Furnell,159494,"2,Lanka",Nautanwa,687836000000.0,Uttar Pradesh,,stu1135,83647208,8,1
1136,Wade Cobb,M,9087269950,7770436036,2009-03-22,2003-05-04,Wade.Cobb.3314@school.ac.in,O-,Clint Wood,Vivian Giles,834591,"26,Mohan lal colony",Najibabad,550568000000.0,Uttar Pradesh,,stu1136,3138818,8,1
1137,Eduardo Stevens,M,7854547381,8070945880,2006-08-28,2012-02-27,Eduardo.Stevens.1962@school.ac.in,B+,Hailey Noon,Nathan Sherry,834591,"40,Metro colony",Najibabad,38934274541.0,Uttar Pradesh,,stu1137,82886544,8,1
1138,Michael Durrant,M,7927112092,9317808923,2011-01-03,2004-10-03,Michael.Durrant.2918@school.ac.in,A+,Erick Whittle,Stella Rosenbloom,834591,"11,Sigra",Najibabad,151721000000.0,Uttar Pradesh,,stu1138,68552043,8,1
1139,Julia Jeffery,F,9398490379,8062434062,2008-02-19,2005-12-16,Julia.Jeffery.4547@school.ac.in,A-,Celina Flett,Rosalee Janes,363624,"10,Shubhash nagar",Sadabad,524334000000.0,Uttar Pradesh,,stu1139,90521804,8,1
1140,Mayleen Beal,F,8946887350,7753839281,2008-10-09,2003-02-13,Mayleen.Beal.4617@school.ac.in,B-,Danny Burge,Luke Rees,223014,"46,Metro colony",Sandi,899298000000.0,Uttar Pradesh,,stu1140,42184627,8,1
1141,Domenic Ingham,M,9791309039,9769940449,2010-06-22,2003-05-28,Domenic.Ingham.7477@school.ac.in,AB+,Anthony Saunders,Mona Roberts,176318,"33,Bhelupur",Sirsi,392696000000.0,Uttar Pradesh,,stu1141,34491147,8,2
1142,Rosemary Butler,F,7764705300,9531796349,2007-07-02,2009-02-11,Rosemary.Butler.7312@school.ac.in,B-,Noemi Roscoe,Charlize Dwyer,767202,"4,Metro colony",Robertsganj,85196469181.0,Uttar Pradesh,,stu1142,47753278,8,2
1143,Janelle Todd,F,8796464246,8084849747,2003-04-02,2006-06-27,Janelle.Todd.0896@school.ac.in,A-,Matt Dempsey,Alan Blythe,162998,"20,Gandhi nagar",Thana Bhawan,315838000000.0,Uttar Pradesh,,stu1143,37604257,8,2
1144,Maria Bradley,F,7964275313,8120898240,2009-09-14,2003-12-16,Maria.Bradley.9550@school.ac.in,O+,William Cassidy,Noah Gordon,580817,"28,Ram nagar",Varanasi,272760000000.0,Uttar Pradesh,,stu1144,14237492,8,2
1145,Stella Rosenbloom,F,7924014515,9045017424,2006-09-08,2006-05-18,Stella.Rosenbloom.1713@school.ac.in,AB+,Josh Lomax,Carter Morgan,580817,"32,Sigra",Varanasi,416005000000.0,Uttar Pradesh,,stu1145,56668265,8,2
1146,Ada Callan,F,8113086361,8672639223,2002-11-23,2003-11-24,Ada.Callan.1796@school.ac.in,O-,Lauren Yoman,Karla Watt,409985,"14,Shubhash nagar",Orai,491886000000.0,Uttar Pradesh,,stu1146,26314070,8,2
1147,Leilani Booth,F,8374648704,7842070821,2009-01-08,2004-10-11,Leilani.Booth.4691@school.ac.in,AB+,Courtney Gibson,Hayden Reid,834591,"14,Lanka",Najibabad,376681000000.0,Uttar Pradesh,,stu1147,76469091,8,2
1148,Alice Speed,F,8803912466,7327706554,2007-03-24,2007-01-30,Alice.Speed.7423@school.ac.in,AB+,Liv Purvis,Leroy Weldon,354265,"47,Mohan lal colony",Azamgarh,185085000000.0,Uttar Pradesh,,stu1148,56097310,8,2
1149,Josh Jenkin,M,8374186053,8101342926,2009-11-22,2007-09-15,Josh.Jenkin.6655@school.ac.in,A+,Vicky Pitt,Wade Slater,518615,"27,Sigra",Naraura,718545000000.0,Uttar Pradesh,,stu1149,5300262,8,2
1150,Danny Pratt,M,9009148228,8805974543,2003-10-25,2008-01-24,Danny.Pratt.3274@school.ac.in,AB-,Hank Mcleod,Martin Robinson,223014,"15,Shubhash nagar",Sandi,401433000000.0,Uttar Pradesh,,stu1150,49507530,8,2
1151,Percy Anderson,M,7445231513,8539587797,2012-01-29,2012-05-01,Percy.Anderson.3394@school.ac.in,AB+,Faith Seymour,Anne Oliver,381636,"49,Lanka",Sandila,80427875538.0,Uttar Pradesh,,stu1151,81115738,8,2
1152,Leroy Weldon,M,9028576147,7076063756,2007-01-14,2003-08-22,Leroy.Weldon.0935@school.ac.in,B+,Ron Wood,Ciara Emmett,176318,"17,Mohan lal colony",Sirsi,491047000000.0,Uttar Pradesh,,stu1152,65224712,8,2
1153,Chester Baldwin,M,9678136700,8354526333,2009-06-17,2008-05-03,Chester.Baldwin.1493@school.ac.in,O-,Carissa Griffiths,Miley Dillon,715128,"15,Laxmi nagar",Pilkhuwa,309107000000.0,Uttar Pradesh,,stu1153,25350079,8,2
1154,Leilani Gordon,F,9312022868,9914715370,2003-01-27,2006-07-27,Leilani.Gordon.9098@school.ac.in,O-,Leroy Weldon,Candace Cooper,228535,"43,Sigra",Reoti,920166000000.0,Uttar Pradesh,,stu1154,43223450,8,2
1155,Benny Harrison,M,8663306065,9872460431,2006-09-29,2002-04-24,Benny.Harrison.5533@school.ac.in,A+,Jacob Clayton,George Rogers,767202,"12,Sadar colony",Robertsganj,834978000000.0,Uttar Pradesh,,stu1155,84751774,8,2
1156,Harvey Ward,M,9862416517,7211602499,2008-05-15,2007-03-16,Harvey.Ward.9302@school.ac.in,B+,Danny Harper,Aileen Tyrrell,834591,"11,Mohan lal colony",Najibabad,841662000000.0,Uttar Pradesh,,stu1156,6353984,8,2
1157,Daron Herbert,M,7696997933,7262476690,2005-08-22,2009-08-17,Daron.Herbert.5577@school.ac.in,AB-,Anne Carter,Martin Wise,988782,"26,Sadar colony",Shahganj,604003000000.0,Uttar Pradesh,,stu1157,31754383,8,2
1158,Scarlett Stewart,F,9688297205,8179370244,2009-05-12,2003-10-03,Scarlett.Stewart.5181@school.ac.in,O+,Florence Bloom,Henry Fall,228535,"33,Laxmi nagar",Reoti,710018000000.0,Uttar Pradesh,,stu1158,27030801,8,2
1159,Joseph Hudson,M,9490684670,8090357982,2010-03-06,2011-07-04,Joseph.Hudson.5267@school.ac.in,B-,Danny Wigley,Russel Lane,580817,"21,Metro colony",Varanasi,981241000000.0,Uttar Pradesh,,stu1159,98608890,8,2
1160,Nick Coll,M,9587051661,9068729590,2005-10-05,2002-06-19,Nick.Coll.4453@school.ac.in,A-,Ilona Thompson,Courtney Gibson,223014,"13,Laxmi nagar",Sandi,493754000000.0,Uttar Pradesh,,stu1160,13366078,8,2
1161,Melinda James,F,8998318661,8854413692,2011-04-06,2007-09-13,Melinda.James.1583@school.ac.in,AB+,Abdul Snell,Doris Norris,176318,"41,Sigra",Sirsi,102946000000.0,Uttar Pradesh,,stu1161,35556904,8,3
1162,Elise Goldsmith,F,9782054727,9066541960,2009-12-13,2006-09-17,Elise.Goldsmith.0076@school.ac.in,O-,Samantha Clarke,Russel Swan,834591,"36,Ram nagar",Najibabad,132741000000.0,Uttar Pradesh,,stu1162,36695772,8,3
1163,Ada Callan,F,9782040906,9933023285,2006-01-15,2008-11-24,Ada.Callan.3753@school.ac.in,B+,Nicholas Judd,Ciara Emmett,381636,"48,Sigra",Sandila,994388000000.0,Uttar Pradesh,,stu1163,5382842,8,3
1164,Owen Rose,M,8896768286,8964094034,2010-06-14,2010-11-30,Owen.Rose.1367@school.ac.in,B+,Maribel Broomfield,Anabel Kelly,162998,"47,Sigra",Thana Bhawan,494259000000.0,Uttar Pradesh,,stu1164,49389966,8,3
1165,Callie Woodley,F,7205838409,7961750641,2009-02-19,2012-05-29,Callie.Woodley.6842@school.ac.in,AB+,Alexia Aldridge,Beatrice Norton,580817,"40,Sadar colony",Varanasi,3473915038.0,Uttar Pradesh,,stu1165,53827558,8,3
1166,Hazel Ellwood,F,8004273436,7832570670,2003-09-12,2007-03-20,Hazel.Ellwood.4169@school.ac.in,A+,Georgia Lewis,Anthony Olson,767202,"34,shastri nagar",Robertsganj,986915000000.0,Uttar Pradesh,,stu1166,14597199,8,3
1167,Bart Fisher,M,9757958458,8728227565,2011-09-20,2002-03-15,Bart.Fisher.3232@school.ac.in,B+,Matt Yoman,Hank Gardner,767202,"30,Gandhi nagar",Robertsganj,27608390659.0,Uttar Pradesh,,stu1167,20133753,8,3
1168,Julian Stone,M,9006770843,7723653546,2009-07-03,2010-06-18,Julian.Stone.8652@school.ac.in,A+,Nate Chapman,Denny Graham,223014,"45,Ram nagar",Sandi,837875000000.0,Uttar Pradesh,,stu1168,49965626,8,3
1169,Maxwell Barclay,M,9869944430,9821001988,2008-02-19,2008-03-14,Maxwell.Barclay.3250@school.ac.in,O+,Diane Blackwall,Rosie Woodcock,715128,"4,Lanka",Pilkhuwa,538886000000.0,Uttar Pradesh,,stu1169,35058589,8,3
1170,Ron Hope,M,9336428504,9698600925,2004-06-28,2006-09-18,Ron.Hope.5249@school.ac.in,B-,Emely Quinton,Nick London,409985,"5,shastri nagar",Orai,435129000000.0,Uttar Pradesh,,stu1170,2860519,8,3
1171,Eileen Whatson,F,8508474600,7065477483,2008-03-14,2010-05-26,Eileen.Whatson.6828@school.ac.in,A+,Jacqueline Gibson,Gil Broomfield,223014,"35,Ram nagar",Sandi,70681077757.0,Uttar Pradesh,,stu1171,85888818,8,3
1172,Anthony Antcliff,M,8043033268,8081013097,2010-05-12,2009-06-28,Anthony.Antcliff.5598@school.ac.in,AB+,Benny Burge,Wendy Hudson,767202,"2,Metro colony",Robertsganj,162442000000.0,Uttar Pradesh,,stu1172,23479304,8,3
1173,Luna James,F,9618127072,9106377817,2009-12-17,2005-08-10,Luna.James.8405@school.ac.in,O-,Eduardo Stevens,Clint Wood,715128,"35,Laxmi nagar",Pilkhuwa,629431000000.0,Uttar Pradesh,,stu1173,79072334,8,3
1174,Clint Donnelly,M,7942195794,8976819064,2008-02-29,2007-10-06,Clint.Donnelly.2280@school.ac.in,A+,Javier Clarke,William Drew,228535,"6,Laxmi nagar",Reoti,987395000000.0,Uttar Pradesh,,stu1174,64288066,8,3
1175,Ally Allington,F,7084761012,9685995901,2004-11-15,2006-07-23,Ally.Allington.4677@school.ac.in,O-,Ethan Dixon,Macy Preston,162998,"19,Ram nagar",Thana Bhawan,641074000000.0,Uttar Pradesh,,stu1175,71742030,8,3
1176,Adela Thompson,F,9755176538,9561759406,2003-09-08,2010-09-17,Adela.Thompson.3808@school.ac.in,AB-,Mark Patel,Callie Woodley,409985,"10,Lanka",Orai,95240581295.0,Uttar Pradesh,,stu1176,4246582,8,3
1177,Charlize Curtis,F,9012478185,7257981223,2012-12-14,2009-06-28,Charlize.Curtis.6153@school.ac.in,A-,Ron Randall,Michaela Dunbar,162998,"15,Gandhi nagar",Thana Bhawan,213934000000.0,Uttar Pradesh,,stu1177,56928620,8,3
1178,Danny Lynn,M,8495054361,9359978022,2011-04-10,2007-04-10,Danny.Lynn.6077@school.ac.in,A+,Mark Fenton,Anne Carter,159494,"16,Lanka",Nautanwa,683002000000.0,Uttar Pradesh,,stu1178,69021620,8,3
1179,Manuel Hunt,M,8318929139,9055010786,2004-01-21,2003-12-01,Manuel.Hunt.7484@school.ac.in,B+,Skylar Judd,Julius Gibbons,834591,"12,Shubhash nagar",Najibabad,366353000000.0,Uttar Pradesh,,stu1179,98783936,8,3
1180,Jacob Todd,M,7502937261,8055316404,2002-09-07,2010-05-14,Jacob.Todd.9464@school.ac.in,AB-,Kenzie Avery,Marla Gosling,767202,"8,Lanka",Robertsganj,551678000000.0,Uttar Pradesh,,stu1180,50004081,8,3
1181,Thea Woodcock,F,7946039626,7720468357,2006-12-21,2011-05-22,Thea.Woodcock.7881@school.ac.in,O+,Jasmine Raven,Maria Bradley,834591,"45,Mohan lal colony",Najibabad,102243000000.0,Uttar Pradesh,,stu1181,71970019,9,1
1182,Nicholas Pope,M,7083261696,7687284163,2004-12-11,2012-02-18,Nicholas.Pope.7101@school.ac.in,B+,Barry Varley,Rae Pearson,176318,"2,shastri nagar",Sirsi,394073000000.0,Uttar Pradesh,,stu1182,61948156,9,1
1183,Sadie Wheeler,F,9237772892,9560294550,2010-04-27,2012-03-07,Sadie.Wheeler.7257@school.ac.in,B-,Kurt Robinson,Aiden Bailey,223014,"40,Lanka",Sandi,81112986107.0,Uttar Pradesh,,stu1183,27023185,9,1
1184,Boris Owen,M,9441237316,8154967371,2004-05-24,2004-06-10,Boris.Owen.9273@school.ac.in,B+,Sage Healy,Holly Archer,553041,"15,Sadar colony",Safipur,987268000000.0,Uttar Pradesh,,stu1184,13889727,9,1
1185,Anthony Samuel,M,8950074600,7174680762,2003-03-27,2008-10-10,Anthony.Samuel.4644@school.ac.in,B+,Luna Pearce,Domenic Stone,162998,"16,Mohan lal colony",Thana Bhawan,611732000000.0,Uttar Pradesh,,stu1185,318843,9,1
1186,Javier Adams,M,9500944018,7157992936,2005-12-30,2002-11-18,Javier.Adams.0057@school.ac.in,AB+,Sienna Jenkin,Joseph Hudson,988782,"27,Metro colony",Shahganj,427216000000.0,Uttar Pradesh,,stu1186,47600390,9,1
1187,Carol James,F,9054133200,8764560424,2003-03-20,2010-12-03,Carol.James.1717@school.ac.in,AB-,Celia Everett,Maria Jarrett,159494,"44,Sadar colony",Nautanwa,520265000000.0,Uttar Pradesh,,stu1187,76448846,9,1
1188,Janelle Drake,F,8103096546,9485173854,2012-11-24,2010-02-25,Janelle.Drake.1037@school.ac.in,B-,Chloe Nelson,Nate Fulton,363624,"43,Laxmi nagar",Sadabad,458096000000.0,Uttar Pradesh,,stu1188,58963640,9,1
1189,Ethan Gates,M,7327683876,9768060536,2011-08-30,2009-09-21,Ethan.Gates.0595@school.ac.in,B-,Percy Casey,Karen Gonzales,228535,"24,shastri nagar",Reoti,498458000000.0,Uttar Pradesh,,stu1189,75906218,9,1
1190,Rick Plumb,M,8137939665,7909743631,2011-01-02,2010-01-29,Rick.Plumb.7233@school.ac.in,AB+,Boris Pearce,Ethan Fisher,223014,"9,Gandhi nagar",Sandi,142154000000.0,Uttar Pradesh,,stu1190,87294814,9,1
1191,Marjorie Jeffery,F,8282155793,9354507034,2003-08-07,2006-09-08,Marjorie.Jeffery.1021@school.ac.in,A+,Fred Nobbs,Harry Rogers,553041,"41,Shubhash nagar",Safipur,760209000000.0,Uttar Pradesh,,stu1191,35922514,9,1
1192,Melanie Walsh,F,8758455397,9166597374,2007-01-13,2009-01-02,Melanie.Walsh.8497@school.ac.in,B-,Janice Benson,Harvey Furnell,228535,"15,Lanka",Reoti,955235000000.0,Uttar Pradesh,,stu1192,15966330,9,1
1193,Alba Powell,F,8178623176,9414877580,2003-07-05,2006-07-29,Alba.Powell.0091@school.ac.in,B-,Makena Milner,Javier Lynn,381636,"38,Sigra",Sandila,61355741246.0,Uttar Pradesh,,stu1193,266943,9,1
1194,Evie Evans,F,9731052149,7697362793,2002-03-17,2002-04-26,Evie.Evans.2669@school.ac.in,O+,Eileen Henderson,Janice Crawford,988782,"11,Laxmi nagar",Shahganj,375770000000.0,Uttar Pradesh,,stu1194,33390079,9,1
1195,Nicholas Burnley,M,9055868253,8903376740,2006-11-27,2008-02-04,Nicholas.Burnley.1868@school.ac.in,AB-,Bryce Fenton,Harvey Furnell,354265,"1,Bhelupur",Azamgarh,449209000000.0,Uttar Pradesh,,stu1195,41546889,9,1
1196,Bart Bryant,M,9886283249,8596031262,2009-08-27,2008-06-24,Bart.Bryant.2704@school.ac.in,B+,Cristal Chappell,Lucy Mccormick,363624,"33,Lanka",Sadabad,231582000000.0,Uttar Pradesh,,stu1196,14587889,9,1
1197,Caitlyn Oakley,F,8984035385,8667746997,2004-06-27,2010-10-10,Caitlyn.Oakley.8999@school.ac.in,B-,Eduardo Stevens,Eduardo Shelton,518615,"5,Sigra",Naraura,19264066175.0,Uttar Pradesh,,stu1197,2028258,9,1
1198,Matthew Upsdell,M,7061170372,9312069318,2007-06-04,2009-01-19,Matthew.Upsdell.4182@school.ac.in,B-,Matthew Robe,Makenzie Doherty,518615,"35,Mohan lal colony",Naraura,756106000000.0,Uttar Pradesh,,stu1198,23217239,9,1
1199,Wade Cobb,M,9296291435,8317298326,2009-08-25,2011-08-20,Wade.Cobb.8352@school.ac.in,AB-,Anthony Saunders,Mabel Freeburn,159494,"33,Ram nagar",Nautanwa,742562000000.0,Uttar Pradesh,,stu1199,57295857,9,1
1200,Angelina Gordon,F,7971728982,7576277716,2008-04-13,2003-08-10,Angelina.Gordon.1487@school.ac.in,B+,Mike Kelly,Ada Callan,223014,"21,Gandhi nagar",Sandi,26228864553.0,Uttar Pradesh,,stu1200,87167298,9,1
1201,Valentina Wallace,F,7218025359,7423407562,2007-08-08,2003-07-28,Valentina.Wallace.8191@school.ac.in,AB+,Kieth Lewis,Elena Payne,553041,"40,Gandhi nagar",Safipur,98941199823.0,Uttar Pradesh,,stu1201,48597365,9,2
1202,Liam Shaw,M,9017185770,9365534122,2009-10-12,2004-10-14,Liam.Shaw.0961@school.ac.in,A+,Gil Tutton,Chester Evans,228535,"30,Mohan lal colony",Reoti,332680000000.0,Uttar Pradesh,,stu1202,4341661,9,2
1203,Anabel Kelly,F,8990035965,7186766592,2003-03-11,2008-07-19,Anabel.Kelly.4109@school.ac.in,A-,Esmeralda Reid,Mason Walker,988782,"26,Lanka",Shahganj,642072000000.0,Uttar Pradesh,,stu1203,76206279,9,2
1204,Marigold Lambert,F,9353568060,9741304594,2012-08-20,2004-10-25,Marigold.Lambert.2985@school.ac.in,O+,Rebecca Jackson,George Vollans,363624,"41,Shubhash nagar",Sadabad,75087001656.0,Uttar Pradesh,,stu1204,75892428,9,2
1205,Denny Hale,M,9012213819,8218143618,2008-04-14,2004-05-01,Denny.Hale.3219@school.ac.in,AB+,Gwen Potts,Josh Becker,159494,"14,Mohan lal colony",Nautanwa,218939000000.0,Uttar Pradesh,,stu1205,93246623,9,2
1206,Megan Wilkinson,F,7067649416,7512474707,2007-02-30,2003-07-28,Megan.Wilkinson.9573@school.ac.in,A+,Francesca Osmond,Adela Mitchell,580817,"29,Bhelupur",Varanasi,418233000000.0,Uttar Pradesh,,stu1206,60934357,9,2
1207,Melania Dwyer,F,7677979516,8134718867,2005-08-29,2009-12-21,Melania.Dwyer.4769@school.ac.in,O-,Sabina Mitchell,Luna Rainford,176318,"12,Lanka",Sirsi,990380000000.0,Uttar Pradesh,,stu1207,38811726,9,2
1208,Maya Archer,F,7005263426,8854438327,2011-02-17,2007-01-19,Maya.Archer.1286@school.ac.in,A-,Jacob Bayliss,Harry Allington,518615,"16,Laxmi nagar",Naraura,10444078821.0,Uttar Pradesh,,stu1208,80317944,9,2
1209,Sage Healy,F,7428643887,8708120381,2008-10-23,2003-08-01,Sage.Healy.1095@school.ac.in,A+,Tania Doherty,Emmanuelle Stone ,381636,"39,Shubhash nagar",Sandila,729163000000.0,Uttar Pradesh,,stu1209,87647343,9,2
1210,Fred Stone ,M,7880881419,9984508421,2008-12-07,2005-05-17,Fred.Stone .5040@school.ac.in,O+,Wade Sherwood,George Vollans,834591,"33,Ram nagar",Najibabad,998207000000.0,Uttar Pradesh,,stu1210,76809847,9,2
1211,Benny Harrison,M,9271306875,9049579344,2003-06-20,2007-09-08,Benny.Harrison.1480@school.ac.in,AB-,Ron Hope,Livia Brooks,159494,"30,Gandhi nagar",Nautanwa,719685000000.0,Uttar Pradesh,,stu1211,50851203,9,2
1212,Margaret Clark,F,8445099203,9592474934,2007-08-04,2004-01-24,Margaret.Clark.4976@school.ac.in,O+,Beatrice Savage,Lexi Button,223014,"33,Metro colony",Sandi,998284000000.0,Uttar Pradesh,,stu1212,31828919,9,2
1213,Danny Wigley,M,9921620362,7270754859,2009-09-20,2011-07-25,Danny.Wigley.2242@school.ac.in,B-,Shannon Denton,Anais Woods,228535,"22,Gandhi nagar",Reoti,272019000000.0,Uttar Pradesh,,stu1213,77339264,9,2
1214,Joy Santos,F,7995651772,8332725636,2003-07-02,2002-01-15,Joy.Santos.3512@school.ac.in,O+,Oliver Cox,Luke Baker,715128,"35,Bhelupur",Pilkhuwa,117597000000.0,Uttar Pradesh,,stu1214,70310396,9,2
1215,Chester Giles,M,9913837551,8443275346,2006-05-15,2010-01-20,Chester.Giles.9776@school.ac.in,O-,Elle Payne,Barry Cassidy,580817,"47,Sigra",Varanasi,701921000000.0,Uttar Pradesh,,stu1215,64802002,9,2
1216,Benny Tindall,M,7704766155,7895035686,2003-12-16,2009-04-15,Benny.Tindall.6877@school.ac.in,AB-,Britney Daniells,Adalind Fleming,159494,"11,Bhelupur",Nautanwa,982031000000.0,Uttar Pradesh,,stu1216,8197237,9,2
1217,Nicholas Thompson,M,7839693512,8458949535,2009-03-04,2009-10-05,Nicholas.Thompson.8306@school.ac.in,B-,Nick Coll,Anthony Reading,162998,"14,shastri nagar",Thana Bhawan,427916000000.0,Uttar Pradesh,,stu1217,17794672,9,2
1218,Tyler Lynch,M,8528362181,9074070828,2002-06-16,2011-04-10,Tyler.Lynch.0805@school.ac.in,A+,Martin Hopkins,Oliver Maxwell,159494,"16,Shubhash nagar",Nautanwa,524205000000.0,Uttar Pradesh,,stu1218,48474548,9,2
1219,Peter Poulton,M,9726840314,8157373209,2012-09-04,2006-01-23,Peter.Poulton.3674@school.ac.in,O+,Rosalee Gordon,Ron Wood,354265,"20,Sadar colony",Azamgarh,96834940868.0,Uttar Pradesh,,stu1219,59419473,9,2
1220,Samantha Fleming,F,7973418989,8891415711,2003-02-14,2003-04-06,Samantha.Fleming.0950@school.ac.in,O-,Rachael Callan,Anabel Whitmore,176318,"37,shastri nagar",Sirsi,305289000000.0,Uttar Pradesh,,stu1220,31130097,9,2
1221,Benjamin London,M,9735255221,7344206444,2010-06-14,2005-09-29,Benjamin.London.1751@school.ac.in,O-,Valentina Wallace,Summer Lynn,159494,"14,Mohan lal colony",Nautanwa,148490000000.0,Uttar Pradesh,,stu1221,46521682,9,3
1222,Noemi Roth,F,9710764011,8386478787,2003-07-18,2002-02-09,Noemi.Roth.9299@school.ac.in,O-,Martin Emerson,Domenic Norton,159494,"46,Shubhash nagar",Nautanwa,470625000000.0,Uttar Pradesh,,stu1222,56969179,9,3
1223,Peyton Weasley,F,8562960983,8704487853,2004-10-03,2007-09-01,Peyton.Weasley.2056@school.ac.in,A+,Denny Boden,Gwenyth Blackwall,363624,"1,Ram nagar",Sadabad,919935000000.0,Uttar Pradesh,,stu1223,5692896,9,3
1224,Leanne Griffiths,F,9364652757,8698243684,2006-10-14,2010-02-20,Leanne.Griffiths.4224@school.ac.in,B-,Ciara Alldridge,Adela Gaynor,363624,"21,Lanka",Sadabad,538605000000.0,Uttar Pradesh,,stu1224,7253101,9,3
1225,Wade Gray,M,9507338610,7544081224,2010-12-11,2002-03-22,Wade.Gray.2968@school.ac.in,AB-,Hayden Slater,Benjamin Reyes,715128,"13,Laxmi nagar",Pilkhuwa,593131000000.0,Uttar Pradesh,,stu1225,88061199,9,3
1226,Rufus Rothwell,M,7397110250,7122116766,2003-01-01,2008-03-23,Rufus.Rothwell.4299@school.ac.in,B+,Melanie Rogers,Mavis Wade,834591,"32,Sadar colony",Najibabad,521606000000.0,Uttar Pradesh,,stu1226,76977891,9,3
1227,Jacob Button,M,9870556286,8642999378,2011-06-18,2010-12-02,Jacob.Button.4587@school.ac.in,B-,Harriet Ebbs,Melinda Eddison,159494,"5,Shubhash nagar",Nautanwa,62366628425.0,Uttar Pradesh,,stu1227,22107925,9,3
1228,Brad Woodley,M,7989608546,9558544759,2004-08-09,2004-02-25,Brad.Woodley.0061@school.ac.in,B-,Julius Gibbons,Penelope Lakey,767202,"49,shastri nagar",Robertsganj,15243588945.0,Uttar Pradesh,,stu1228,93583174,9,3
1229,Wade Gray,M,8689786741,7521001383,2008-10-27,2011-10-05,Wade.Gray.3428@school.ac.in,B-,Aisha Pearce,Danny Pratt,381636,"42,Gandhi nagar",Sandila,591290000000.0,Uttar Pradesh,,stu1229,48520779,9,3
1230,Judith Aldridge,F,7876399565,8893677077,2006-09-30,2008-11-08,Judith.Aldridge.6120@school.ac.in,A-,Holly Archer,Bart Dempsey,409985,"26,Laxmi nagar",Orai,662644000000.0,Uttar Pradesh,,stu1230,22243404,9,3
1231,Maxwell Vallins,M,8416956711,9752792013,2003-03-03,2006-12-20,Maxwell.Vallins.1448@school.ac.in,B-,Benny Burge,Josh Foxley,176318,"26,Bhelupur",Sirsi,57877999102.0,Uttar Pradesh,,stu1231,76001249,9,3
1232,Marjorie London,F,9033906546,9135232657,2003-08-14,2011-04-15,Marjorie.London.6910@school.ac.in,B+,Rachael Callan,Abdul Snell,715128,"48,Gandhi nagar",Pilkhuwa,573452000000.0,Uttar Pradesh,,stu1232,16212408,9,3
1233,Russel Swan,M,7662887524,9919598556,2010-06-27,2012-05-25,Russel.Swan.1782@school.ac.in,AB+,Celia Pitt,Fred Flack,162998,"21,Metro colony",Thana Bhawan,52293614482.0,Uttar Pradesh,,stu1233,96135907,9,3
1234,Ilona Thompson,F,8593627714,8423220949,2010-11-29,2010-04-20,Ilona.Thompson.9212@school.ac.in,AB+,Matthew Robe,Havana Dallas,228535,"29,Sigra",Reoti,118251000000.0,Uttar Pradesh,,stu1234,85013998,9,3
1235,Michaela Dunbar,F,7748626486,7967087355,2007-06-01,2012-01-13,Michaela.Dunbar.1056@school.ac.in,B-,Eduardo Shelton,Vicky Pitt,363624,"48,Metro colony",Sadabad,102751000000.0,Uttar Pradesh,,stu1235,15021210,9,3
1236,Norah Notman,F,8463628206,9859085667,2011-06-25,2002-03-11,Norah.Notman.0889@school.ac.in,AB+,Quinn Goodman,William Hunter,159494,"42,Sadar colony",Nautanwa,835746000000.0,Uttar Pradesh,,stu1236,26139600,9,3
1237,Leroy Moss,M,8456522053,9998370059,2012-08-13,2011-04-14,Leroy.Moss.6984@school.ac.in,O-,Evie Dixon,Aiden Mullins,381636,"40,Bhelupur",Sandila,828973000000.0,Uttar Pradesh,,stu1237,50590906,9,3
1238,Erica Knight,F,9309755292,7407633893,2004-11-05,2003-05-20,Erica.Knight.8084@school.ac.in,AB-,Alan Pickard,Marjorie Snow,354265,"13,Sigra",Azamgarh,257237000000.0,Uttar Pradesh,,stu1238,22948276,9,3
1239,Nick Mitchell,M,7098511173,9489062010,2011-10-15,2003-10-22,Nick.Mitchell.8367@school.ac.in,A-,Carmella Lunt,Mayleen Beal,363624,"24,Ram nagar",Sadabad,781297000000.0,Uttar Pradesh,,stu1239,14265262,9,3
1240,Megan Seymour,F,9690981814,7601706658,2008-07-19,2005-07-07,Megan.Seymour.0518@school.ac.in,O-,Oliver Flett,Mike Dowson,518615,"17,Metro colony",Naraura,575168000000.0,Uttar Pradesh,,stu1240,62423351,9,3
1241,Dasha Hood,F,9598150686,9719591213,2006-04-02,2008-01-28,Dasha.Hood.6360@school.ac.in,B+,Chuck Nurton,Cassandra Eastwood,988782,"41,Metro colony",Shahganj,810621000000.0,Uttar Pradesh,,stu1241,79943040,10,1
1242,Marvin Robinson,M,7889686306,9651577946,2003-07-15,2003-01-01,Marvin.Robinson.3733@school.ac.in,B-,Joy Santos,Jane Collins,363624,"9,Shubhash nagar",Sadabad,232375000000.0,Uttar Pradesh,,stu1242,61511533,10,1
1243,Mina Driscoll,F,8741150585,9808725450,2008-11-06,2010-08-26,Mina.Driscoll.2554@school.ac.in,B-,Chad Saunders,Esmeralda Reid,715128,"3,Shubhash nagar",Pilkhuwa,636184000000.0,Uttar Pradesh,,stu1243,89687858,10,1
1244,George Rogers,M,8119168072,9776810050,2003-02-26,2002-04-15,George.Rogers.3992@school.ac.in,O-,Ron Ranks,Johnathan Rehman,409985,"36,Sadar colony",Orai,178823000000.0,Uttar Pradesh,,stu1244,41036008,10,1
1245,Hayden Bingham,M,7658765380,7058809472,2012-11-19,2011-03-18,Hayden.Bingham.6377@school.ac.in,B-,Alba Powell,Boris Partridge,580817,"1,Metro colony",Varanasi,735342000000.0,Uttar Pradesh,,stu1245,23957520,10,1
1246,Boris Owen,M,9573416766,7308305777,2004-11-23,2012-10-24,Boris.Owen.7179@school.ac.in,AB-,Winnie Mccall,Johnny Isaac,580817,"22,Bhelupur",Varanasi,467368000000.0,Uttar Pradesh,,stu1246,76526368,10,1
1247,Savannah Drew,F,9260601677,8074973105,2011-07-25,2008-03-05,Savannah.Drew.0365@school.ac.in,AB-,Remy Rothwell,Joyce Needham,381636,"43,Sigra",Sandila,665135000000.0,Uttar Pradesh,,stu1247,57755552,10,1
1248,Aileen Webster,F,7156356458,8801674405,2011-05-05,2010-09-15,Aileen.Webster.9411@school.ac.in,B+,Barry Tanner,Lexi Button,553041,"40,Lanka",Safipur,150567000000.0,Uttar Pradesh,,stu1248,78769017,10,1
1249,Teagan Asher,F,8567779606,9727882113,2004-09-10,2009-04-25,Teagan.Asher.0299@school.ac.in,AB+,Russel Swan,Kieth Plant,162998,"28,shastri nagar",Thana Bhawan,876934000000.0,Uttar Pradesh,,stu1249,46329106,10,1
1250,Parker Hale,F,8331150366,7279518675,2011-11-25,2003-11-23,Parker.Hale.8677@school.ac.in,A-,Noah Parker,Alex Howard,518615,"25,Laxmi nagar",Naraura,819825000000.0,Uttar Pradesh,,stu1250,95093466,10,1
1251,Doug Gilmore,M,7248364042,9119412020,2010-01-20,2002-04-15,Doug.Gilmore.8444@school.ac.in,AB+,Johnny Michael,Chester Osmond,162998,"36,Bhelupur",Thana Bhawan,642047000000.0,Uttar Pradesh,,stu1251,98202235,10,1
1252,Benjamin Mitchell,M,7910174275,7172687804,2009-12-17,2003-06-06,Benjamin.Mitchell.5102@school.ac.in,A-,Remy Thompson,Michelle Dobson,176318,"20,Lanka",Sirsi,745499000000.0,Uttar Pradesh,,stu1252,93191951,10,1
1253,Leah Rycroft,F,8039994524,7048156462,2007-08-29,2011-10-16,Leah.Rycroft.9981@school.ac.in,AB-,Daniel Quinn,Sabina Jarvis,228535,"31,Ram nagar",Reoti,43623855030.0,Uttar Pradesh,,stu1253,16816514,10,1
1254,Chuck Rycroft,M,8292788839,8623729694,2012-12-06,2010-01-08,Chuck.Rycroft.8186@school.ac.in,B-,Anne Carter,Caitlyn Oakley,767202,"19,Metro colony",Robertsganj,219176000000.0,Uttar Pradesh,,stu1254,98973644,10,1
1255,Alexander Potts,M,7343437891,7824519961,2011-08-26,2012-11-17,Alexander.Potts.0801@school.ac.in,B+,Leroy Thomson,Valentina Wallace,159494,"21,Bhelupur",Nautanwa,149914000000.0,Uttar Pradesh,,stu1255,50790441,10,1
1256,Chad Higgs,M,8828721014,8542531327,2010-06-27,2004-07-28,Chad.Higgs.4147@school.ac.in,AB+,Sabina Jarvis,Kirsten Lowe,354265,"36,Sadar colony",Azamgarh,466330000000.0,Uttar Pradesh,,stu1256,24263490,10,1
1257,Logan Owens,M,7028614993,8899741589,2011-07-21,2007-07-05,Logan.Owens.4882@school.ac.in,O+,Doug Gilmore,Rowan Addley,354265,"1,Metro colony",Azamgarh,376641000000.0,Uttar Pradesh,,stu1257,32469380,10,1
1258,Joyce Needham,F,9803440911,9829238927,2004-05-24,2009-12-29,Joyce.Needham.1373@school.ac.in,O-,Cara Pearson,Henry Marshall,363624,"46,Bhelupur",Sadabad,10587214671.0,Uttar Pradesh,,stu1258,87469505,10,1
1259,Elena Clifford,F,7236945985,8267488555,2007-07-12,2005-12-19,Elena.Clifford.6356@school.ac.in,AB-,Julia Osman,Lillian Vaughn,176318,"19,Gandhi nagar",Sirsi,911438000000.0,Uttar Pradesh,,stu1259,88774545,10,1
1260,Anthony Hancock,M,9263674118,9825145680,2008-03-07,2011-04-15,Anthony.Hancock.2892@school.ac.in,AB-,Anthony Connell,Eduardo Haines,381636,"23,Mohan lal colony",Sandila,690553000000.0,Uttar Pradesh,,stu1260,64025088,10,1
1261,Georgia Antcliff,F,9058748709,7528987286,2003-05-21,2008-06-30,Georgia.Antcliff.3337@school.ac.in,A-,Diane Foxley,Cherish Powell,580817,"4,Mohan lal colony",Varanasi,816505000000.0,Uttar Pradesh,,stu1261,3517440,10,2
1262,Valerie Khan,F,9412580357,8544567246,2002-12-14,2011-05-18,Valerie.Khan.8728@school.ac.in,O+,Caleb Woods,Ryan Warren,354265,"42,Sadar colony",Azamgarh,471236000000.0,Uttar Pradesh,,stu1262,76343838,10,2
1263,Tom Woods,M,9056858189,8035928180,2003-04-04,2006-01-15,Tom.Woods.9317@school.ac.in,O+,Erick Whittle,Denis Barclay,553041,"45,Shubhash nagar",Safipur,268814000000.0,Uttar Pradesh,,stu1263,56616006,10,2
1264,Oliver Flett,M,8799779577,7984624899,2005-08-04,2006-10-15,Oliver.Flett.0032@school.ac.in,O+,Rhea Roberts,Carissa Hancock,363624,"36,Sigra",Sadabad,59874356713.0,Uttar Pradesh,,stu1264,55961223,10,2
1265,Rachael Callan,F,9027098370,7383037230,2009-12-19,2007-03-21,Rachael.Callan.7344@school.ac.in,AB+,Chloe Webster,Javier Adams,988782,"15,Sadar colony",Shahganj,299962000000.0,Uttar Pradesh,,stu1265,53245336,10,2
1266,Chuck Samuel,M,9413261584,8157399122,2010-06-03,2004-01-01,Chuck.Samuel.4770@school.ac.in,AB+,Dalia Robinson,Peter Curtis,381636,"46,Lanka",Sandila,625965000000.0,Uttar Pradesh,,stu1266,5352684,10,2
1267,Mary Whatson,F,8463325907,9070940972,2008-01-07,2007-07-14,Mary.Whatson.7197@school.ac.in,A-,Gil Owen,Christy Goldsmith,553041,"30,Lanka",Safipur,983294000000.0,Uttar Pradesh,,stu1267,52148239,10,2
1268,John Gibson,M,9329172255,7291473890,2011-06-11,2011-02-14,John.Gibson.8189@school.ac.in,AB+,Leroy Moss,Vanessa Holmes,354265,"2,Mohan lal colony",Azamgarh,581258000000.0,Uttar Pradesh,,stu1268,4640632,10,2
1269,Nicholas Judd,M,9264980608,8250456264,2004-02-09,2009-02-26,Nicholas.Judd.0012@school.ac.in,O-,Benny Mcnally,Melania Dwyer,354265,"32,Metro colony",Azamgarh,878996000000.0,Uttar Pradesh,,stu1269,27461663,10,2
1270,Aileen Steer,F,9993348353,8076538201,2012-09-29,2004-02-25,Aileen.Steer.3405@school.ac.in,O-,Nicholas Hunt,Mike Villiger,228535,"41,Mohan lal colony",Reoti,998704000000.0,Uttar Pradesh,,stu1270,3171322,10,2
1271,Parker Gallacher,F,7319862040,7485952717,2012-03-02,2005-12-16,Parker.Gallacher.2492@school.ac.in,A-,Emmanuelle Larsen,Cedrick Snell,767202,"49,Sigra",Robertsganj,151258000000.0,Uttar Pradesh,,stu1271,90263944,10,2
1272,Margot Lane,F,8522239435,9765592010,2003-11-02,2010-11-14,Margot.Lane.4326@school.ac.in,O+,Mark Salt,Ron Wood,553041,"17,Ram nagar",Safipur,391882000000.0,Uttar Pradesh,,stu1272,51133917,10,2
1273,Harmony Ventura,F,8462194036,8741660165,2005-03-15,2004-09-14,Harmony.Ventura.8445@school.ac.in,AB+,Janice Partridge,Denny Boden,834591,"1,Lanka",Najibabad,596637000000.0,Uttar Pradesh,,stu1273,10576197,10,2
1274,Johnny Norburn,M,7761511411,8346188090,2012-03-22,2012-05-28,Johnny.Norburn.9388@school.ac.in,A+,Beatrice Norton,Rocco Moran,223014,"46,Sigra",Sandi,956600000000.0,Uttar Pradesh,,stu1274,75846400,10,2
1275,Enoch Bullock,M,8066796199,9249116154,2004-10-23,2002-01-06,Enoch.Bullock.7309@school.ac.in,O+,Owen Moore,Carter Wilson,518615,"47,shastri nagar",Naraura,489234000000.0,Uttar Pradesh,,stu1275,48300128,10,2
1276,Mabel Freeburn,F,7433718534,7692101058,2012-06-09,2002-06-02,Mabel.Freeburn.1766@school.ac.in,AB+,Jayden Hogg,Macy Preston,767202,"32,Sadar colony",Robertsganj,953867000000.0,Uttar Pradesh,,stu1276,62817860,10,2
1277,Brad Evans,M,8181614639,7938668828,2002-11-25,2011-12-26,Brad.Evans.9635@school.ac.in,B+,Megan Seymour,Scarlett Stewart,162998,"30,Ram nagar",Thana Bhawan,934230000000.0,Uttar Pradesh,,stu1277,97082398,10,2
1278,Alice Kennedy,F,8393751426,9483842805,2002-08-17,2005-07-30,Alice.Kennedy.2577@school.ac.in,A-,Celia Pearson,Ilona Thompson,354265,"44,Sigra",Azamgarh,821048000000.0,Uttar Pradesh,,stu1278,68724503,10,2
1279,Ron Randall,M,7383558093,7759500203,2009-08-05,2002-09-04,Ron.Randall.0722@school.ac.in,O+,Payton Blythe,Nathan Sherry,176318,"43,Sigra",Sirsi,681397000000.0,Uttar Pradesh,,stu1279,26177875,10,2
1280,Aiden Baker,M,9421714499,9085065102,2008-04-22,2002-07-29,Aiden.Baker.9596@school.ac.in,O+,Chad Brock,Rowan Addley,228535,"7,Bhelupur",Reoti,136280000000.0,Uttar Pradesh,,stu1280,66604095,10,2
1281,Nate Nash,M,8704263240,7363102535,2010-07-07,2006-06-07,Nate.Nash.5064@school.ac.in,A+,Lauren Yoman,Kurt Ranks,715128,"40,Sigra",Pilkhuwa,788658000000.0,Uttar Pradesh,,stu1281,92931052,10,3
1282,Ethan Addis,M,9210998898,8335942176,2005-11-29,2005-01-28,Ethan.Addis.3990@school.ac.in,B+,William Drew,Rocco Moran,580817,"29,Sigra",Varanasi,331314000000.0,Uttar Pradesh,,stu1282,94722755,10,3
1283,Jacob Johnson,M,7342229920,7895356996,2006-06-06,2008-11-07,Jacob.Johnson.1069@school.ac.in,O+,Jayden Hogg,Chris Brett,381636,"43,Sadar colony",Sandila,454000000000.0,Uttar Pradesh,,stu1283,41516616,10,3
1284,Sadie Wheeler,F,7993137597,9400375801,2006-10-30,2003-10-18,Sadie.Wheeler.1250@school.ac.in,A-,Javier Clarke,Mike Villiger,409985,"29,Gandhi nagar",Orai,797143000000.0,Uttar Pradesh,,stu1284,50187738,10,3
1285,Barry Murray,M,9673854872,9909057838,2003-06-03,2003-11-19,Barry.Murray.0018@school.ac.in,B-,Florence Ralph,Michelle Dobson,409985,"22,Bhelupur",Orai,273724000000.0,Uttar Pradesh,,stu1285,34442562,10,3
1286,Denis Brown,M,7556650235,8861631815,2010-10-21,2002-10-04,Denis.Brown.5668@school.ac.in,A-,Danny Wigley,Dalia Bennett,518615,"20,Lanka",Naraura,678647000000.0,Uttar Pradesh,,stu1286,3598271,10,3
1287,Gladys Torres,F,8327366679,8435689936,2007-01-08,2002-04-24,Gladys.Torres.0389@school.ac.in,O+,Johnny Vollans,Maxwell Salt,363624,"5,Sadar colony",Sadabad,99838666170.0,Uttar Pradesh,,stu1287,47109790,10,3
1288,Luke Rees,M,8528250312,7390719239,2003-06-04,2002-07-06,Luke.Rees.8723@school.ac.in,AB-,Makenzie Doherty,Gabriel Ellis,715128,"2,Sadar colony",Pilkhuwa,32575030145.0,Uttar Pradesh,,stu1288,60152444,10,3
1289,Barney Avery,M,9974044236,9076652160,2005-02-11,2006-03-01,Barney.Avery.6110@school.ac.in,AB+,Ronald Farrant,Alexander Potts,715128,"3,Sadar colony",Pilkhuwa,7080314632.0,Uttar Pradesh,,stu1289,12437613,10,3
1290,Harmony Ventura,F,9113136687,8714898799,2003-02-05,2012-03-17,Harmony.Ventura.3997@school.ac.in,B-,Tyler Cooper,Sonya Mcguire,988782,"20,Sadar colony",Shahganj,232958000000.0,Uttar Pradesh,,stu1290,67801836,10,3
1291,Skylar Judd,F,9156160170,8039556634,2002-09-27,2009-02-19,Skylar.Judd.1283@school.ac.in,A+,Aisha Pearce,Vanessa Holmes,767202,"32,Sigra",Robertsganj,153706000000.0,Uttar Pradesh,,stu1291,14672727,10,3
1292,Bob Ogilvy,M,8423042138,9835377905,2005-12-20,2006-11-28,Bob.Ogilvy.5454@school.ac.in,O+,Nathan Wills,Cedrick Anderson,354265,"10,shastri nagar",Azamgarh,408098000000.0,Uttar Pradesh,,stu1292,41354850,10,3
1293,Adeline Butler,F,9181170664,8133199793,2005-10-26,2009-12-28,Adeline.Butler.0431@school.ac.in,O-,Elena Payne,Daron Bentley,162998,"46,Bhelupur",Thana Bhawan,346670000000.0,Uttar Pradesh,,stu1293,21567547,10,3
1294,Henry Fall,M,9541959354,7751289009,2004-10-02,2002-11-19,Henry.Fall.4723@school.ac.in,B+,Harriet Mcnally,Valentina Wallace,988782,"1,shastri nagar",Shahganj,164295000000.0,Uttar Pradesh,,stu1294,92056868,10,3
1295,Karen Noon,F,8906985919,7946182257,2003-10-27,2011-03-12,Karen.Noon.3915@school.ac.in,O-,Angelina Gordon,Doug Gilmore,767202,"27,shastri nagar",Robertsganj,595948000000.0,Uttar Pradesh,,stu1295,72632881,10,3
1296,Melody Bailey,F,8737127271,8758962023,2007-09-01,2004-05-05,Melody.Bailey.5422@school.ac.in,B+,Aiden Carson,Benny Tindall,363624,"19,Lanka",Sadabad,286400000000.0,Uttar Pradesh,,stu1296,12554368,10,3
1297,Ryan Noach,M,8030929739,9829850088,2010-11-16,2008-12-03,Ryan.Noach.5493@school.ac.in,AB+,Cedrick Anderson,Remy Thompson,228535,"33,Sigra",Reoti,343578000000.0,Uttar Pradesh,,stu1297,54933029,10,3
1298,Hanna Wilson,F,9107008461,8207604772,2010-03-12,2008-03-24,Hanna.Wilson.9792@school.ac.in,O+,Candace Veale,Jazmin Zaoui,767202,"12,Lanka",Robertsganj,975128000000.0,Uttar Pradesh,,stu1298,36744265,10,3
1299,Celina Gordon,F,9718311381,8452984933,2009-10-06,2003-01-16,Celina.Gordon.8316@school.ac.in,B-,Hank Morgan,Martin Thomas,381636,"25,shastri nagar",Sandila,673025000000.0,Uttar Pradesh,,stu1299,41945749,10,3
1300,Domenic Stone,M,8188732844,8173841133,2005-06-22,2006-08-26,Domenic.Stone.7913@school.ac.in,O+,Charlize Dwyer,Jack Pearce,159494,"49,Sigra",Nautanwa,829107000000.0,Uttar Pradesh,,stu1300,59309438,10,3
1301,Rufus Healy,M,7738651496,8435230373,2008-01-02,2009-04-22,Rufus.Healy.0621@school.ac.in,AB+,William Page ,Henry Russell,834591,"44,Ram nagar",Najibabad,473259000000.0,Uttar Pradesh,,stu1301,75213280,11,1
1302,Javier Saunders,M,7086357841,9013974376,2006-05-24,2009-01-16,Javier.Saunders.8431@school.ac.in,A-,Benjamin Young,Denny Skinner,409985,"30,Bhelupur",Orai,133887000000.0,Uttar Pradesh,,stu1302,40594734,11,1
1303,George Rowe,M,7228179896,7582615608,2004-11-23,2012-06-15,George.Rowe.1608@school.ac.in,AB-,Carmella Vollans,Kimberly Greenwood,553041,"18,Laxmi nagar",Safipur,350620000000.0,Uttar Pradesh,,stu1303,11880308,11,1
1304,Daniel Cooper,M,9734298423,9756481374,2007-08-21,2007-11-18,Daniel.Cooper.3245@school.ac.in,O+,Carla Sawyer,Ron Ranks,553041,"11,Sadar colony",Safipur,634321000000.0,Uttar Pradesh,,stu1304,88079456,11,1
1305,Harriet Mcnally,F,8504593422,7380889426,2012-02-28,2008-10-30,Harriet.Mcnally.9090@school.ac.in,AB+,Daniel Butler,Emmanuelle Larsen,767202,"9,Sigra",Robertsganj,815070000000.0,Uttar Pradesh,,stu1305,60525739,11,1
1306,Destiny Fowler,F,9245644675,7537337148,2012-02-15,2008-11-16,Destiny.Fowler.0980@school.ac.in,O-,Aeris Chapman,Clarissa Wild,715128,"41,Gandhi nagar",Pilkhuwa,833697000000.0,Uttar Pradesh,,stu1306,81238156,11,1
1307,Bart Bryant,M,7091600529,8217080250,2006-03-09,2004-01-06,Bart.Bryant.5216@school.ac.in,O+,Dasha Hood,Johnathan Dickson,834591,"18,Bhelupur",Najibabad,691736000000.0,Uttar Pradesh,,stu1307,37659605,11,1
1308,Eduardo Stevens,M,9969509004,9332111959,2007-11-23,2011-08-15,Eduardo.Stevens.2544@school.ac.in,A-,Aurelia May,Abbey Brooks,767202,"42,Mohan lal colony",Robertsganj,831299000000.0,Uttar Pradesh,,stu1308,14699335,11,1
1309,Sarah Abbot,F,9300178625,9019847844,2012-11-30,2003-04-18,Sarah.Abbot.3948@school.ac.in,AB-,Rosemary Butler,Remy Thompson,715128,"47,Bhelupur",Pilkhuwa,458951000000.0,Uttar Pradesh,,stu1309,52253034,11,1
1310,Megan Seymour,F,8651481279,7986946786,2012-10-25,2009-09-27,Megan.Seymour.1990@school.ac.in,O-,Hank Lloyd,Gwenyth Blackwall,363624,"5,Ram nagar",Sadabad,793474000000.0,Uttar Pradesh,,stu1310,55506115,11,1
1311,Rosie Woodcock,F,8907045375,9337789681,2011-01-10,2006-09-07,Rosie.Woodcock.1847@school.ac.in,A-,Boris Partridge,Rosemary Pitt,553041,"9,Bhelupur",Safipur,942177000000.0,Uttar Pradesh,,stu1311,55709125,11,1
1312,Alan Blythe,M,7296859962,9374399038,2008-10-26,2007-08-19,Alan.Blythe.7433@school.ac.in,AB+,Mike Kelly,Esmeralda Latham,518615,"50,Gandhi nagar",Naraura,207662000000.0,Uttar Pradesh,,stu1312,33100562,11,1
1313,Rihanna Robinson,F,8220253536,9857704010,2007-06-18,2006-07-27,Rihanna.Robinson.7484@school.ac.in,AB-,Emmanuelle King,Matthew Edmonds,176318,"15,Sadar colony",Sirsi,9776608817.0,Uttar Pradesh,,stu1313,24398215,11,1
1314,Summer Hope,F,9745253643,7027770013,2007-03-03,2010-04-06,Summer.Hope.5097@school.ac.in,A+,Madelyn Hamilton,Rita Archer,834591,"38,Lanka",Najibabad,528436000000.0,Uttar Pradesh,,stu1314,12453026,11,1
1315,Cedrick Wilton,M,7479660179,9867628698,2004-06-17,2005-01-08,Cedrick.Wilton.0213@school.ac.in,A+,Michael Durrant,Melinda Roman,381636,"35,Bhelupur",Sandila,850012000000.0,Uttar Pradesh,,stu1315,22855617,11,1
1316,Brad Needham,M,9150898500,7759137826,2007-03-24,2008-05-06,Brad.Needham.0046@school.ac.in,AB-,John Gordon,Karla Watt,381636,"28,Bhelupur",Sandila,629996000000.0,Uttar Pradesh,,stu1316,47213666,11,1
1317,Maria Mcguire,F,7793543461,7296208486,2012-02-30,2003-08-03,Maria.Mcguire.9111@school.ac.in,O+,Margot Lane,Mya Mould,518615,"20,Gandhi nagar",Naraura,111848000000.0,Uttar Pradesh,,stu1317,99073748,11,1
1318,Manuel Parsons,M,8384002495,8747057852,2011-01-24,2012-09-13,Manuel.Parsons.0992@school.ac.in,O+,Piper Miller,George Brooks,834591,"32,Metro colony",Najibabad,907485000000.0,Uttar Pradesh,,stu1318,53128388,11,1
1319,Rosemary Pitt,F,9164062035,9064098936,2010-04-20,2002-07-22,Rosemary.Pitt.5004@school.ac.in,O+,Abdul Redfern,Barry Farrell,176318,"17,Metro colony",Sirsi,881888000000.0,Uttar Pradesh,,stu1319,35029712,11,1
1320,Carl Gilmore,M,8783603733,9769694118,2009-09-15,2012-11-02,Carl.Gilmore.1280@school.ac.in,AB-,Sylvia Roman,Helen Stone ,223014,"16,Metro colony",Sandi,999560000000.0,Uttar Pradesh,,stu1320,48066099,11,1
1321,Gladys Torres,F,7361121870,9766607783,2012-10-27,2008-12-07,Gladys.Torres.2959@school.ac.in,O+,Martin Wise,Camellia Hood,715128,"26,Bhelupur",Pilkhuwa,181387000000.0,Uttar Pradesh,,stu1321,42661256,11,2
1322,George Vollans,M,9303347394,9725148336,2007-10-28,2004-05-06,George.Vollans.7936@school.ac.in,O+,Kimberly Greenwood,Jacqueline Plant,553041,"50,Sadar colony",Safipur,660153000000.0,Uttar Pradesh,,stu1322,92794249,11,2
1323,Rosie Wilson,F,8731087234,9198232247,2012-08-06,2011-09-24,Rosie.Wilson.4484@school.ac.in,AB-,Makenzie Doherty,Manuel Asher,223014,"28,shastri nagar",Sandi,207102432.0,Uttar Pradesh,,stu1323,38702344,11,2
1324,Selena Khan,F,7181384131,8792276313,2005-04-16,2012-04-17,Selena.Khan.8486@school.ac.in,A-,Joy Bayliss,Payton Blythe,834591,"32,Laxmi nagar",Najibabad,780284000000.0,Uttar Pradesh,,stu1324,16910317,11,2
1325,Bernadette Franks,F,7986941063,8145262288,2012-01-20,2009-03-21,Bernadette.Franks.4274@school.ac.in,AB-,Denis Rodgers,Gemma Darcy,518615,"11,Bhelupur",Naraura,982603000000.0,Uttar Pradesh,,stu1325,67035472,11,2
1326,Tyson Oswald,M,9527092545,7199150278,2005-02-03,2003-06-24,Tyson.Oswald.4556@school.ac.in,AB-,Barry Barclay,Fred Emmett,381636,"49,Sadar colony",Sandila,523363000000.0,Uttar Pradesh,,stu1326,90219293,11,2
1327,Adeline Owen,F,9235668430,8808086887,2010-02-04,2006-01-20,Adeline.Owen.9806@school.ac.in,B+,Tania Doherty,Owen Rees,159494,"40,Bhelupur",Nautanwa,184379000000.0,Uttar Pradesh,,stu1327,31975813,11,2
1328,Abbey Bell,F,7969613560,7968929489,2008-11-02,2006-12-22,Abbey.Bell.9797@school.ac.in,AB+,Maxwell Denton,Chester Baldwin,580817,"16,Metro colony",Varanasi,392703000000.0,Uttar Pradesh,,stu1328,5708935,11,2
1329,Remy Thompson,F,7199832057,9147326043,2002-07-19,2010-09-03,Remy.Thompson.0474@school.ac.in,O-,Clarissa Vollans,Gwen Shaw,363624,"21,Lanka",Sadabad,188285000000.0,Uttar Pradesh,,stu1329,40371884,11,2
1330,Henry Verdon,M,7180097951,7046475691,2012-09-02,2012-04-24,Henry.Verdon.3761@school.ac.in,AB+,Angela Allington,Daniel Butler,715128,"26,Lanka",Pilkhuwa,500053000000.0,Uttar Pradesh,,stu1330,58920437,11,2
1331,Kieth Garcia,M,8327013313,9758988237,2008-08-11,2002-04-28,Kieth.Garcia.6386@school.ac.in,A-,Chuck Nurton,Chester John,518615,"37,Bhelupur",Naraura,595181000000.0,Uttar Pradesh,,stu1331,70581226,11,2
1332,Hadley Everett,F,7064896876,7695647568,2007-09-14,2005-02-14,Hadley.Everett.5694@school.ac.in,AB-,Wendy Hudson,Faith Ainsworth,580817,"45,Laxmi nagar",Varanasi,91977734481.0,Uttar Pradesh,,stu1332,51817127,11,2
1333,Samantha Fleming,F,7834995083,8237459284,2004-01-14,2006-08-21,Samantha.Fleming.6364@school.ac.in,B+,Melody Bailey,Alexander Potts,767202,"14,Laxmi nagar",Robertsganj,160994000000.0,Uttar Pradesh,,stu1333,50227301,11,2
1334,Ronald Saunders,M,9512388794,8087250135,2008-10-20,2004-04-04,Ronald.Saunders.8844@school.ac.in,B+,Eduardo Button,Celina White,162998,"44,Ram nagar",Thana Bhawan,971130000000.0,Uttar Pradesh,,stu1334,58466740,11,2
1335,Ron Hope,M,8801626379,9269442825,2012-08-04,2004-07-27,Ron.Hope.3864@school.ac.in,A-,Rosa Santos,Lexi Button,176318,"44,Metro colony",Sirsi,931982000000.0,Uttar Pradesh,,stu1335,64335555,11,2
1336,Lara Rivers,F,8479162143,7918781464,2005-06-23,2003-04-30,Lara.Rivers.7676@school.ac.in,A-,Harvey Furnell,Leroy Weldon,363624,"23,Sigra",Sadabad,385598000000.0,Uttar Pradesh,,stu1336,81551576,11,2
1337,Bart Dempsey,M,7708314090,9959163093,2005-02-30,2002-04-19,Bart.Dempsey.2519@school.ac.in,B-,Manuel Hunt,Lara Maxwell,176318,"23,Sigra",Sirsi,909871000000.0,Uttar Pradesh,,stu1337,71308824,11,2
1338,Barry Cassidy,M,7937523458,7967356029,2011-03-30,2010-07-20,Barry.Cassidy.8037@school.ac.in,A-,Anabel Russel,Hannah Yarwood,834591,"16,Ram nagar",Najibabad,197141000000.0,Uttar Pradesh,,stu1338,590706,11,2
1339,Sasha Fisher,F,8554409592,7574687622,2004-07-14,2002-07-15,Sasha.Fisher.4769@school.ac.in,B+,Aileen Webster,Sadie Wheeler,518615,"30,Sigra",Naraura,295200000000.0,Uttar Pradesh,,stu1339,4874260,11,2
1340,Ethan Fisher,M,7768940886,8045988751,2007-12-27,2007-07-23,Ethan.Fisher.1146@school.ac.in,B-,Mayleen Beal,Bob Campbell,553041,"5,Metro colony",Safipur,649529000000.0,Uttar Pradesh,,stu1340,51148196,11,2
1341,Henry Taylor,M,7877865426,9309661345,2011-03-11,2009-06-19,Henry.Taylor.1834@school.ac.in,AB-,Chester Giles,Vanessa Holmes,553041,"40,Sigra",Safipur,869046000000.0,Uttar Pradesh,,stu1341,34803652,11,3
1342,Denis Uddin,M,8211774065,7674597596,2011-10-21,2009-03-27,Denis.Uddin.9220@school.ac.in,A-,Adeline Spencer,Chuck Rycroft,162998,"43,Shubhash nagar",Thana Bhawan,26174608511.0,Uttar Pradesh,,stu1342,54522585,11,3
1343,Adela Mitchell,F,7191523633,7655482454,2004-09-08,2009-10-09,Adela.Mitchell.2802@school.ac.in,B+,Mina Driscoll,Nate Gregory,354265,"24,Metro colony",Azamgarh,690149000000.0,Uttar Pradesh,,stu1343,69996376,11,3
1344,Rosie Quinnell,F,7018152452,7316741777,2011-07-10,2003-08-04,Rosie.Quinnell.4231@school.ac.in,A-,Doug Turner,Mark Evans,834591,"16,Bhelupur",Najibabad,919180000000.0,Uttar Pradesh,,stu1344,50177153,11,3
1345,Leah Rycroft,F,9417393652,7753620142,2006-05-05,2012-07-12,Leah.Rycroft.4021@school.ac.in,AB+,Ada Callan,Anabelle Darcy,518615,"14,Laxmi nagar",Naraura,549729000000.0,Uttar Pradesh,,stu1345,25992228,11,3
1346,Logan Allen,M,8743729208,7175627761,2003-04-21,2005-12-26,Logan.Allen.5553@school.ac.in,O+,Eduardo Shelton,Emmanuelle Stone ,228535,"8,Lanka",Reoti,533284000000.0,Uttar Pradesh,,stu1346,81795878,11,3
1347,Julian Stone,M,8166416386,9518198734,2008-07-06,2010-02-29,Julian.Stone.8698@school.ac.in,AB+,Sarah Abbot,Jamie Groves,553041,"26,Laxmi nagar",Safipur,784921000000.0,Uttar Pradesh,,stu1347,57613283,11,3
1348,Alma Maxwell,F,9293899829,9572208251,2010-12-22,2005-01-09,Alma.Maxwell.1583@school.ac.in,B-,Rebecca Owen,Benny Faulkner,228535,"38,Ram nagar",Reoti,556221000000.0,Uttar Pradesh,,stu1348,64842810,11,3
1349,Remy Thompson,F,9828534264,7457130563,2009-02-27,2012-09-16,Remy.Thompson.2516@school.ac.in,AB-,Angelique Cowan,Alice Speed,409985,"7,Ram nagar",Orai,718325000000.0,Uttar Pradesh,,stu1349,77552214,11,3
1350,Chuck Nurton,M,8044855270,9988331498,2008-03-10,2011-01-04,Chuck.Nurton.3043@school.ac.in,AB-,Johnathan Vallins,Johnny Isaac,409985,"49,Ram nagar",Orai,396531000000.0,Uttar Pradesh,,stu1350,51839756,11,3
1351,Keira Spencer,F,7145259153,8002984573,2012-09-11,2012-08-11,Keira.Spencer.6360@school.ac.in,A-,Eduardo Button,Florence Vass,580817,"34,Sigra",Varanasi,106720000000.0,Uttar Pradesh,,stu1351,36177671,11,3
1352,Marvin Farmer,M,8863610977,7043620919,2006-05-03,2008-02-17,Marvin.Farmer.2099@school.ac.in,B-,Aiden Craig,Mark Evans,363624,"6,Laxmi nagar",Sadabad,640063000000.0,Uttar Pradesh,,stu1352,56860156,11,3
1353,Ally Miller,F,8302709160,7420103531,2002-04-15,2006-04-14,Ally.Miller.6761@school.ac.in,O+,Joy Santos,Norah Notman,715128,"25,shastri nagar",Pilkhuwa,498475000000.0,Uttar Pradesh,,stu1353,77058366,11,3
1354,Cedrick Anderson,M,8462827620,7313017930,2002-09-02,2008-07-30,Cedrick.Anderson.8650@school.ac.in,A+,Denis Rodgers,Alexander Shaw,988782,"16,Sadar colony",Shahganj,473496000000.0,Uttar Pradesh,,stu1354,74202699,11,3
1355,Josephine Thompson,F,8189111501,7863662149,2006-09-12,2008-07-02,Josephine.Thompson.5216@school.ac.in,O-,Daron Abbot,Jazmin Zaoui,176318,"44,shastri nagar",Sirsi,857255000000.0,Uttar Pradesh,,stu1355,37209417,11,3
1356,Celia Pitt,F,9214720456,7043069221,2002-01-05,2003-09-13,Celia.Pitt.3417@school.ac.in,O-,Elena Jenkin,Denis Brown,223014,"35,Lanka",Sandi,236675000000.0,Uttar Pradesh,,stu1356,35130481,11,3
1357,Chuck Mould,M,8999983580,9600025038,2007-11-06,2002-11-11,Chuck.Mould.3186@school.ac.in,AB-,Nicholas Thompson,Georgia Antcliff,363624,"34,Lanka",Sadabad,126174000000.0,Uttar Pradesh,,stu1357,59385181,11,3
1358,Ciara Alldridge,F,7051582252,7515337725,2004-02-07,2011-03-18,Ciara.Alldridge.3241@school.ac.in,O-,Kassandra Yard,Celia Pitt,176318,"9,Metro colony",Sirsi,67180834176.0,Uttar Pradesh,,stu1358,44664587,11,3
1359,Sofia Edley,F,9661292015,9615251846,2003-11-07,2006-06-25,Sofia.Edley.5516@school.ac.in,A-,Faith Ainsworth,Josephine Thompson,354265,"17,shastri nagar",Azamgarh,926178000000.0,Uttar Pradesh,,stu1359,97491151,11,3
1360,Jules Hunter,F,8542805394,7911755077,2005-02-05,2006-10-05,Jules.Hunter.7903@school.ac.in,B-,Nick Coll,Leanne Griffiths,176318,"17,Metro colony",Sirsi,864621000000.0,Uttar Pradesh,,stu1360,97952401,11,3
1361,Maribel Broomfield,F,9821727870,9195077725,2008-10-03,2006-06-15,Maribel.Broomfield.6105@school.ac.in,A+,Sarah Abbot,Cedrick Anderson,159494,"45,Sigra",Nautanwa,528027000000.0,Uttar Pradesh,,stu1361,33225687,12,1
1362,Celia Pearson,F,8983363769,8274528780,2003-06-02,2011-05-13,Celia.Pearson.8648@school.ac.in,O-,Maribel Broomfield,Melanie Walsh,409985,"4,Ram nagar",Orai,60012023738.0,Uttar Pradesh,,stu1362,28863620,12,1
1363,Hope Stevenson,F,8983445898,8723980707,2009-09-08,2006-04-01,Hope.Stevenson.2963@school.ac.in,A-,Belinda Bradley,Barry Mcleod,363624,"46,Lanka",Sadabad,635167000000.0,Uttar Pradesh,,stu1363,63544527,12,1
1364,Benjamin Mitchell,M,8097542555,8306148747,2006-10-02,2003-06-17,Benjamin.Mitchell.1165@school.ac.in,A-,Mark Salt,Aiden Baker,715128,"8,Metro colony",Pilkhuwa,973333000000.0,Uttar Pradesh,,stu1364,12861093,12,1
1365,Mavis Wade,F,9441843045,8693904687,2011-09-21,2011-04-18,Mavis.Wade.2647@school.ac.in,B-,Angelique Cowan,Elle Payne,580817,"43,Gandhi nagar",Varanasi,444271000000.0,Uttar Pradesh,,stu1365,56516862,12,1
1366,Joy Bayliss,F,9352620446,9663408510,2003-11-14,2003-04-26,Joy.Bayliss.6975@school.ac.in,B-,Ilona Needham,Alan Blythe,159494,"12,Metro colony",Nautanwa,727112000000.0,Uttar Pradesh,,stu1366,28442046,12,1
1367,Celina Gordon,F,9720122847,7762485979,2003-04-29,2004-08-30,Celina.Gordon.9078@school.ac.in,O-,Wade Gray,Jacob Faulkner,767202,"11,Shubhash nagar",Robertsganj,201849000000.0,Uttar Pradesh,,stu1367,59320672,12,1
1368,Barry Murray,M,7288903281,9677712838,2005-12-24,2011-12-23,Barry.Murray.9087@school.ac.in,A+,Noemi Roscoe,Dasha Warren,223014,"47,Gandhi nagar",Sandi,356019000000.0,Uttar Pradesh,,stu1368,1697077,12,1
1369,John Wills,M,9258872091,7214988619,2012-01-15,2002-07-18,John.Wills.0230@school.ac.in,A+,Nicholas Judd,Jacob Todd,518615,"2,Sadar colony",Naraura,745197000000.0,Uttar Pradesh,,stu1369,29649459,12,1
1370,George Rogers,M,7834581962,7816293742,2008-05-05,2007-09-04,George.Rogers.2006@school.ac.in,A+,Mason Heaton,Joy Santos,162998,"45,Bhelupur",Thana Bhawan,175152000000.0,Uttar Pradesh,,stu1370,74146231,12,1
1371,Benjamin Knight,M,8319281101,8947258842,2003-10-26,2007-02-01,Benjamin.Knight.4421@school.ac.in,B+,Emmanuelle Stone ,Maxwell Denton,767202,"40,Lanka",Robertsganj,116371000000.0,Uttar Pradesh,,stu1371,42239825,12,1
1372,Barry Eaton,M,8765864224,8473539770,2009-11-23,2009-05-16,Barry.Eaton.7664@school.ac.in,O+,George Pearson,George Rowe,354265,"32,Laxmi nagar",Azamgarh,3229784045.0,Uttar Pradesh,,stu1372,6158325,12,1
1373,Clarissa Partridge,F,9265210211,8159379856,2010-02-20,2011-07-06,Clarissa.Partridge.6058@school.ac.in,AB-,Clint Wood,Diane Blackwall,988782,"43,Metro colony",Shahganj,311216000000.0,Uttar Pradesh,,stu1373,36683410,12,1
1374,Catherine Jarvis,F,7974527306,7242556931,2005-10-07,2007-06-18,Catherine.Jarvis.4199@school.ac.in,O+,Sebastian James,Ronald Ellison,409985,"12,Bhelupur",Orai,420723000000.0,Uttar Pradesh,,stu1374,19041344,12,1
1375,Harvey Richardson,M,8092052162,8123814711,2005-10-13,2006-12-24,Harvey.Richardson.6973@school.ac.in,B+,Bart Saunders,Owen Rose,834591,"40,shastri nagar",Najibabad,487996000000.0,Uttar Pradesh,,stu1375,74014743,12,1
1376,Nick Pond,M,7613851590,8905474051,2004-09-22,2005-02-14,Nick.Pond.1164@school.ac.in,A+,Alex Howard,Sasha Antcliff,162998,"20,Metro colony",Thana Bhawan,182925000000.0,Uttar Pradesh,,stu1376,63793690,12,1
1377,Maribel Broomfield,F,9537109532,9905374681,2007-01-19,2005-02-12,Maribel.Broomfield.3762@school.ac.in,A+,Martin Bailey,Angelica Gray,176318,"9,Sadar colony",Sirsi,370022000000.0,Uttar Pradesh,,stu1377,25388506,12,1
1378,Daron Abbot,M,8161434069,9697437682,2007-08-05,2012-03-24,Daron.Abbot.9360@school.ac.in,AB+,Daniel Funnell,Domenic Griffiths,223014,"42,Sigra",Sandi,563766000000.0,Uttar Pradesh,,stu1378,14483602,12,1
1379,Ramon Saunders,M,8670002631,8824111319,2012-02-01,2003-06-11,Ramon.Saunders.5481@school.ac.in,AB-,Charlize Dwyer,Stacy Cowan,553041,"39,Metro colony",Safipur,943775000000.0,Uttar Pradesh,,stu1379,18045182,12,1
1380,Melody Bailey,F,8302012720,9062107826,2007-09-28,2010-04-10,Melody.Bailey.0595@school.ac.in,A+,Bryon Pratt,Kurt Gallacher,580817,"5,Sadar colony",Varanasi,379340000000.0,Uttar Pradesh,,stu1380,38991004,12,1
1381,Danielle Penn,F,9077715443,7427156070,2006-10-13,2007-07-04,Danielle.Penn.3516@school.ac.in,O-,Mabel Knight,Nate Chapman,518615,"37,Bhelupur",Naraura,560019000000.0,Uttar Pradesh,,stu1381,20424363,12,2
1382,Tom Martin,M,9150960352,7310503320,2012-06-13,2002-12-14,Tom.Martin.8594@school.ac.in,A-,Anabel Whitmore,Josh Becker,354265,"21,Ram nagar",Azamgarh,583378000000.0,Uttar Pradesh,,stu1382,57166930,12,2
1383,Vicky Pitt,F,8259268411,7415166029,2011-04-25,2008-01-22,Vicky.Pitt.5144@school.ac.in,AB+,Florence Bloom,Chadwick Stewart,767202,"37,Bhelupur",Robertsganj,504429000000.0,Uttar Pradesh,,stu1383,59510505,12,2
1384,Daron Crawley,M,8822491410,8612537927,2008-03-26,2004-03-27,Daron.Crawley.3849@school.ac.in,B+,Beatrice Savage,Logan Mcgregor,354265,"35,Shubhash nagar",Azamgarh,920159000000.0,Uttar Pradesh,,stu1384,28447316,12,2
1385,Doug Tait,M,9736349721,8727119635,2010-08-29,2003-02-08,Doug.Tait.4871@school.ac.in,A-,Hayden Larsen,Stacy Cowan,553041,"6,Shubhash nagar",Safipur,268510000000.0,Uttar Pradesh,,stu1385,33580964,12,2
1386,Noah Gordon,M,8508939349,8953295041,2007-09-28,2005-10-12,Noah.Gordon.1764@school.ac.in,A+,Nicholas Burnley,Chad Saunders,223014,"9,shastri nagar",Sandi,150476000000.0,Uttar Pradesh,,stu1386,16193803,12,2
1387,Ciara Alldridge,F,9044934122,7267047879,2005-09-06,2005-06-10,Ciara.Alldridge.1110@school.ac.in,B+,Hailey Cassidy,Brooklyn Hardwick,553041,"36,Bhelupur",Safipur,987542000000.0,Uttar Pradesh,,stu1387,18504830,12,2
1388,Denis Uddin,M,9932588742,9425179064,2003-01-12,2007-04-30,Denis.Uddin.7975@school.ac.in,AB+,Ellen Terry,Miriam Briggs,176318,"47,Sadar colony",Sirsi,324369000000.0,Uttar Pradesh,,stu1388,24085189,12,2
1389,Hayden Reid,M,8402520948,7725769951,2012-10-23,2011-02-04,Hayden.Reid.0010@school.ac.in,B-,Barry Barclay,Fred Stone ,580817,"28,Laxmi nagar",Varanasi,432906000000.0,Uttar Pradesh,,stu1389,58736633,12,2
1390,Lara Coll,F,7993704785,8920329744,2007-11-13,2009-07-16,Lara.Coll.3406@school.ac.in,O-,Madelyn Overson,Alice Speed,228535,"10,Laxmi nagar",Reoti,871355000000.0,Uttar Pradesh,,stu1390,38612892,12,2
1391,Chester John,M,9886920643,8327690378,2012-11-02,2005-01-27,Chester.John.3000@school.ac.in,B-,Luke Salt,Barry Tyler,553041,"1,Sigra",Safipur,388744000000.0,Uttar Pradesh,,stu1391,23510223,12,2
1392,Bob Quinton,M,8679441161,9439716801,2008-04-07,2010-02-12,Bob.Quinton.7371@school.ac.in,A+,Chris Marshall,Lauren Drew,834591,"8,shastri nagar",Najibabad,410093000000.0,Uttar Pradesh,,stu1392,66944236,12,2
1393,Ramon Fox,M,7920180829,7874172326,2008-02-09,2005-06-24,Ramon.Fox.1130@school.ac.in,B-,Gabriel Weasley,Cedrick Wilton,715128,"35,Gandhi nagar",Pilkhuwa,213722000000.0,Uttar Pradesh,,stu1393,99987989,12,2
1394,Emmanuelle Stone ,F,9148150361,8107213456,2007-06-22,2011-03-28,Emmanuelle.Stone .6069@school.ac.in,O-,Megan Wilkinson,William Page ,715128,"7,Sadar colony",Pilkhuwa,567967000000.0,Uttar Pradesh,,stu1394,4716121,12,2
1395,Ron Gordon,M,8295066142,7519362092,2003-02-10,2007-06-24,Ron.Gordon.6577@school.ac.in,A+,Clarissa Wild,Matthew Stone ,518615,"11,Gandhi nagar",Naraura,100556000000.0,Uttar Pradesh,,stu1395,27433941,12,2
1396,Eduardo Shelton,M,9360189524,9031121045,2011-04-03,2003-07-13,Eduardo.Shelton.3031@school.ac.in,B+,Caitlyn Oakley,Tyler Devonport,715128,"4,Ram nagar",Pilkhuwa,736565000000.0,Uttar Pradesh,,stu1396,81410852,12,2
1397,Gabriel Weasley,M,7091048169,7804552087,2011-04-24,2004-02-05,Gabriel.Weasley.4331@school.ac.in,O-,Benny Bailey,Ciara Emmett,162998,"26,Bhelupur",Thana Bhawan,606598000000.0,Uttar Pradesh,,stu1397,9338037,12,2
1398,Emerald Styles,F,9679316852,8145586411,2012-07-10,2006-10-24,Emerald.Styles.0320@school.ac.in,B+,Anthony Olson,Kassandra Yard,381636,"37,Lanka",Sandila,604024000000.0,Uttar Pradesh,,stu1398,55918101,12,2
1399,Denis Barclay,M,7756353435,7912704228,2010-11-12,2008-06-08,Denis.Barclay.0492@school.ac.in,AB-,Benjamin Young,Mark Andersson,834591,"3,Laxmi nagar",Najibabad,27520334760.0,Uttar Pradesh,,stu1399,43983385,12,2
1400,Harvey Goldsmith,M,8704592468,8455456966,2004-08-23,2004-11-18,Harvey.Goldsmith.0773@school.ac.in,A-,Penelope Santos,Eduardo Gates,834591,"6,Gandhi nagar",Najibabad,694710000000.0,Uttar Pradesh,,stu1400,74152888,12,2
1401,Jacob Todd,M,7314762320,9580975408,2002-03-12,2009-08-07,Jacob.Todd.7490@school.ac.in,B-,Wendy Evans,Alessia Pickard,553041,"12,Mohan lal colony",Safipur,524485000000.0,Uttar Pradesh,,stu1401,86898794,12,3
1402,Chuck Uddin,M,9440105614,7201911723,2006-05-26,2009-08-29,Chuck.Uddin.4184@school.ac.in,AB-,Wade Kelly,Clarissa Partridge,228535,"26,Sadar colony",Reoti,375460000000.0,Uttar Pradesh,,stu1402,59963539,12,3
1403,Jayden Rothwell,M,8441948090,7424280580,2010-12-19,2004-11-11,Jayden.Rothwell.2162@school.ac.in,B-,Dakota Walker,Payton Owen,381636,"4,Lanka",Sandila,425566000000.0,Uttar Pradesh,,stu1403,48077184,12,3
1404,Angelina Gordon,F,9243295612,9047428237,2007-02-19,2006-02-02,Angelina.Gordon.5154@school.ac.in,AB-,Lillian Upsdell,Henry Russell,381636,"36,Laxmi nagar",Sandila,490100000000.0,Uttar Pradesh,,stu1404,14435707,12,3
1405,Madelyn Overson,F,7766996086,8698234858,2006-05-18,2005-03-08,Madelyn.Overson.8258@school.ac.in,O+,Barry Murray,Jessica Fisher,518615,"5,Lanka",Naraura,979116000000.0,Uttar Pradesh,,stu1405,81966510,12,3
1406,Iris Styles,F,8085877881,9682245822,2008-07-16,2010-08-19,Iris.Styles.4533@school.ac.in,A+,Wade Malone,Martin Bailey,381636,"48,Bhelupur",Sandila,402504000000.0,Uttar Pradesh,,stu1406,88617397,12,3
1407,Barney Avery,M,8948213465,9181575959,2003-07-25,2009-10-03,Barney.Avery.8000@school.ac.in,A-,Enoch Bullock,Alexander Page ,354265,"48,Bhelupur",Azamgarh,33291517573.0,Uttar Pradesh,,stu1407,66103031,12,3
1408,Liv Purvis,F,9713181816,7236260749,2002-03-08,2005-07-04,Liv.Purvis.4855@school.ac.in,O-,Johnny Ranks,Mason Heaton,223014,"7,Bhelupur",Sandi,8848114602.0,Uttar Pradesh,,stu1408,49875048,12,3
1409,Eduardo Button,M,8759784578,9557277930,2006-06-04,2002-10-05,Eduardo.Button.0957@school.ac.in,A+,Jamie Groves,Dasha Norris,988782,"9,Metro colony",Shahganj,899783000000.0,Uttar Pradesh,,stu1409,83623774,12,3
1410,Chloe Nelson,F,7037967254,9961268200,2008-03-20,2008-08-06,Chloe.Nelson.7428@school.ac.in,A+,Nicholas Judd,Nate Gregory,228535,"28,Mohan lal colony",Reoti,802694000000.0,Uttar Pradesh,,stu1410,32191074,12,3
1411,Martin Bailey,M,7424442885,8869928334,2003-01-02,2004-10-14,Martin.Bailey.6978@school.ac.in,AB-,Adela Gaynor,Luke Oakley,228535,"20,Laxmi nagar",Reoti,661661000000.0,Uttar Pradesh,,stu1411,64946059,12,3
1412,Bob Ogilvy,M,7583394802,9187623889,2002-10-17,2008-04-20,Bob.Ogilvy.1933@school.ac.in,A+,Abdul Redfern,Ryan Warren,409985,"17,Sadar colony",Orai,443399000000.0,Uttar Pradesh,,stu1412,18218052,12,3
1413,Tom Graham,M,7896252953,8972060686,2006-08-27,2011-10-28,Tom.Graham.6620@school.ac.in,B-,Adela Saunders,Violet Ventura,176318,"19,Sigra",Sirsi,534278000000.0,Uttar Pradesh,,stu1413,41484086,12,3
1414,Jamie Groves,F,7666118937,7656051051,2011-10-04,2007-06-04,Jamie.Groves.1529@school.ac.in,B+,Domenic Ingham,Carrie Emmott,553041,"24,shastri nagar",Safipur,613237000000.0,Uttar Pradesh,,stu1414,14153719,12,3
1415,Erick Whittle,M,8011319738,9915667743,2004-05-03,2010-03-01,Erick.Whittle.2762@school.ac.in,A+,Nathan Wills,Harvey Jenkins,159494,"39,Sadar colony",Nautanwa,863427000000.0,Uttar Pradesh,,stu1415,90018112,12,3
1416,Clint Wood,M,9543804065,8840172247,2002-10-04,2004-05-02,Clint.Wood.2734@school.ac.in,AB+,Margaret Clark,Britney Daniells,228535,"39,Gandhi nagar",Reoti,33848938181.0,Uttar Pradesh,,stu1416,71942625,12,3
1417,Nick Pond,M,8496600370,9225791277,2004-02-12,2002-06-11,Nick.Pond.6775@school.ac.in,O-,Selena Khan,Manuel Nayler,363624,"46,Gandhi nagar",Sadabad,520475000000.0,Uttar Pradesh,,stu1417,21568316,12,3
1418,Oliver Flett,M,9525688920,8153185415,2010-06-08,2005-04-15,Oliver.Flett.1824@school.ac.in,A+,Luna Pearce,Ethan Gates,363624,"14,Sigra",Sadabad,545232000000.0,Uttar Pradesh,,stu1418,35284003,12,3
1419,Christy Goldsmith,F,7933757826,8330652721,2006-05-11,2006-02-24,Christy.Goldsmith.0230@school.ac.in,A-,Alexander Carter,Vicky Allen,988782,"22,Gandhi nagar",Shahganj,194421000000.0,Uttar Pradesh,,stu1419,97133433,12,3
1420,Boris Ross,M,7703755967,8232383227,2008-04-28,2003-03-06,Boris.Ross.3361@school.ac.in,B+,Hannah Yarwood,Aiden Baker,834591,"49,Gandhi nagar",Najibabad,390162000000.0,Uttar Pradesh,,stu1420,93655185,12,3
